{
    "$schema": "https://schema.management.azure.com/schemas/2015-01-01/deploymentParameters.json#",
    "contentVersion": "1.0.0.0",
    "parameters": {
        "frontdoors_frontdoor0001_name": {
            "value": null
        },
        "virtualMachines_eastus_vm_name": {
            "value": null
        },
        "virtualMachines_uksouth_vm_name": {
            "value": null
        },
        "virtualNetworks_eastus_vnet_name": {
            "value": null
        },
        "virtualNetworks_uksouth_vnet_name": {
            "value": null
        },
        "virtualMachines_northeuropevm_name": {
            "value": null
        },
        "networkInterfaces_eastus_vm595_name": {
            "value": null
        },
        "publicIPAddresses_eastus_vm_ip_name": {
            "value": null
        },
        "networkInterfaces_uksouth_vm264_name": {
            "value": null
        },
        "publicIPAddresses_uksouth_vm_ip_name": {
            "value": null
        },
        "virtualNetworks_northeurope_vnet_name": {
            "value": null
        },
        "networkInterfaces_northeuropevm358_name": {
            "value": null
        },
        "publicIPAddresses_northeuropevm_ip_name": {
            "value": null
        },
        "networkSecurityGroups_eastus_vm_nsg_name": {
            "value": null
        },
        "networkSecurityGroups_uksouth_vm_nsg_name": {
            "value": null
        },
        "networkSecurityGroups_northeuropevm_nsg_name": {
            "value": null
        },
        "frontdoorwebapplicationfirewallpolicies_wafpolicy_name": {
            "value": null
        }
    }
}