{
    "$schema": "https://schema.management.azure.com/schemas/2019-04-01/deploymentTemplate.json#",
    "contentVersion": "1.0.0.0",
    "parameters": {
        "frontdoors_frontdoor0001_name": {
            "defaultValue": "frontdoor0001",
            "type": "String"
        },
        "virtualMachines_eastus_vm_name": {
            "defaultValue": "eastus-vm",
            "type": "String"
        },
        "virtualMachines_uksouth_vm_name": {
            "defaultValue": "uksouth-vm",
            "type": "String"
        },
        "virtualNetworks_eastus_vnet_name": {
            "defaultValue": "eastus-vnet",
            "type": "String"
        },
        "virtualNetworks_uksouth_vnet_name": {
            "defaultValue": "uksouth-vnet",
            "type": "String"
        },
        "virtualMachines_northeuropevm_name": {
            "defaultValue": "northeuropevm",
            "type": "String"
        },
        "networkInterfaces_eastus_vm595_name": {
            "defaultValue": "eastus-vm595",
            "type": "String"
        },
        "publicIPAddresses_eastus_vm_ip_name": {
            "defaultValue": "eastus-vm-ip",
            "type": "String"
        },
        "networkInterfaces_uksouth_vm264_name": {
            "defaultValue": "uksouth-vm264",
            "type": "String"
        },
        "publicIPAddresses_uksouth_vm_ip_name": {
            "defaultValue": "uksouth-vm-ip",
            "type": "String"
        },
        "virtualNetworks_northeurope_vnet_name": {
            "defaultValue": "northeurope-vnet",
            "type": "String"
        },
        "networkInterfaces_northeuropevm358_name": {
            "defaultValue": "northeuropevm358",
            "type": "String"
        },
        "publicIPAddresses_northeuropevm_ip_name": {
            "defaultValue": "northeuropevm-ip",
            "type": "String"
        },
        "networkSecurityGroups_eastus_vm_nsg_name": {
            "defaultValue": "eastus-vm-nsg",
            "type": "String"
        },
        "networkSecurityGroups_uksouth_vm_nsg_name": {
            "defaultValue": "uksouth-vm-nsg",
            "type": "String"
        },
        "networkSecurityGroups_northeuropevm_nsg_name": {
            "defaultValue": "northeuropevm-nsg",
            "type": "String"
        },
        "frontdoorwebapplicationfirewallpolicies_wafpolicy_name": {
            "defaultValue": "wafpolicy",
            "type": "String"
        }
    },
    "variables": {},
    "resources": [
        {
            "type": "Microsoft.Network/frontdoorwebapplicationfirewallpolicies",
            "apiVersion": "2022-05-01",
            "name": "[parameters('frontdoorwebapplicationfirewallpolicies_wafpolicy_name')]",
            "location": "Global",
            "sku": {
                "name": "Classic_AzureFrontDoor"
            },
            "properties": {
                "policySettings": {
                    "enabledState": "Enabled",
                    "mode": "Prevention",
                    "customBlockResponseStatusCode": 403,
                    "requestBodyCheck": "Disabled"
                },
                "customRules": {
                    "rules": [
                        {
                            "name": "blockIP",
                            "enabledState": "Enabled",
                            "priority": 100,
                            "ruleType": "MatchRule",
                            "rateLimitDurationInMinutes": 1,
                            "rateLimitThreshold": 100,
                            "matchConditions": [
                                {
                                    "matchVariable": "RemoteAddr",
                                    "operator": "IPMatch",
                                    "negateCondition": false,
                                    "matchValue": [
                                        "105.112.182.221"
                                    ],
                                    "transforms": []
                                }
                            ],
                            "action": "Block"
                        }
                    ]
                },
                "managedRules": {
                    "managedRuleSets": [
                        {
                            "ruleSetType": "Microsoft_DefaultRuleSet",
                            "ruleSetVersion": "1.1",
                            "ruleGroupOverrides": [],
                            "exclusions": []
                        }
                    ]
                }
            }
        },
        {
            "type": "Microsoft.Network/publicIPAddresses",
            "apiVersion": "2022-05-01",
            "name": "[parameters('publicIPAddresses_eastus_vm_ip_name')]",
            "location": "eastus",
            "sku": {
                "name": "Standard",
                "tier": "Regional"
            },
            "properties": {
                "ipAddress": "172.173.214.68",
                "publicIPAddressVersion": "IPv4",
                "publicIPAllocationMethod": "Static",
                "idleTimeoutInMinutes": 4,
                "ipTags": []
            }
        },
        {
            "type": "Microsoft.Network/publicIPAddresses",
            "apiVersion": "2022-05-01",
            "name": "[parameters('publicIPAddresses_northeuropevm_ip_name')]",
            "location": "northeurope",
            "sku": {
                "name": "Standard",
                "tier": "Regional"
            },
            "properties": {
                "ipAddress": "20.223.160.218",
                "publicIPAddressVersion": "IPv4",
                "publicIPAllocationMethod": "Static",
                "idleTimeoutInMinutes": 4,
                "ipTags": []
            }
        },
        {
            "type": "Microsoft.Network/publicIPAddresses",
            "apiVersion": "2022-05-01",
            "name": "[parameters('publicIPAddresses_uksouth_vm_ip_name')]",
            "location": "uksouth",
            "sku": {
                "name": "Standard",
                "tier": "Regional"
            },
            "properties": {
                "ipAddress": "20.254.90.202",
                "publicIPAddressVersion": "IPv4",
                "publicIPAllocationMethod": "Static",
                "idleTimeoutInMinutes": 4,
                "ipTags": []
            }
        },
        {
            "type": "Microsoft.Compute/virtualMachines",
            "apiVersion": "2022-08-01",
            "name": "[parameters('virtualMachines_eastus_vm_name')]",
            "location": "eastus",
            "dependsOn": [
                "[resourceId('Microsoft.Network/networkInterfaces', parameters('networkInterfaces_eastus_vm595_name'))]"
            ],
            "properties": {
                "hardwareProfile": {
                    "vmSize": "Standard_D2s_v3"
                },
                "storageProfile": {
                    "imageReference": {
                        "publisher": "MicrosoftWindowsServer",
                        "offer": "WindowsServer",
                        "sku": "2019-datacenter-gensecond",
                        "version": "latest"
                    },
                    "osDisk": {
                        "osType": "Windows",
                        "name": "[concat(parameters('virtualMachines_eastus_vm_name'), '_disk1_b54594bd6818497b9a0136c6b21c4e96')]",
                        "createOption": "FromImage",
                        "caching": "ReadWrite",
                        "managedDisk": {
                            "storageAccountType": "Premium_LRS",
                            "id": "[resourceId('Microsoft.Compute/disks', concat(parameters('virtualMachines_eastus_vm_name'), '_disk1_b54594bd6818497b9a0136c6b21c4e96'))]"
                        },
                        "deleteOption": "Delete",
                        "diskSizeGB": 127
                    },
                    "dataDisks": []
                },
                "osProfile": {
                    "computerName": "[parameters('virtualMachines_eastus_vm_name')]",
                    "adminUsername": "olamideilori",
                    "windowsConfiguration": {
                        "provisionVMAgent": true,
                        "enableAutomaticUpdates": true,
                        "patchSettings": {
                            "patchMode": "AutomaticByOS",
                            "assessmentMode": "ImageDefault",
                            "enableHotpatching": false
                        },
                        "enableVMAgentPlatformUpdates": false
                    },
                    "secrets": [],
                    "allowExtensionOperations": true,
                    "requireGuestProvisionSignal": true
                },
                "networkProfile": {
                    "networkInterfaces": [
                        {
                            "id": "[resourceId('Microsoft.Network/networkInterfaces', parameters('networkInterfaces_eastus_vm595_name'))]",
                            "properties": {
                                "deleteOption": "Detach"
                            }
                        }
                    ]
                },
                "diagnosticsProfile": {
                    "bootDiagnostics": {
                        "enabled": true
                    }
                }
            }
        },
        {
            "type": "Microsoft.Compute/virtualMachines",
            "apiVersion": "2022-08-01",
            "name": "[parameters('virtualMachines_northeuropevm_name')]",
            "location": "northeurope",
            "dependsOn": [
                "[resourceId('Microsoft.Network/networkInterfaces', parameters('networkInterfaces_northeuropevm358_name'))]"
            ],
            "properties": {
                "hardwareProfile": {
                    "vmSize": "Standard_D2s_v3"
                },
                "storageProfile": {
                    "imageReference": {
                        "publisher": "MicrosoftWindowsServer",
                        "offer": "WindowsServer",
                        "sku": "2019-datacenter-gensecond",
                        "version": "latest"
                    },
                    "osDisk": {
                        "osType": "Windows",
                        "name": "[concat(parameters('virtualMachines_northeuropevm_name'), '_OsDisk_1_5ab5d9f6513b401bb1b1ae3021153351')]",
                        "createOption": "FromImage",
                        "caching": "ReadWrite",
                        "managedDisk": {
                            "storageAccountType": "Premium_LRS",
                            "id": "[resourceId('Microsoft.Compute/disks', concat(parameters('virtualMachines_northeuropevm_name'), '_OsDisk_1_5ab5d9f6513b401bb1b1ae3021153351'))]"
                        },
                        "deleteOption": "Delete",
                        "diskSizeGB": 127
                    },
                    "dataDisks": []
                },
                "osProfile": {
                    "computerName": "[parameters('virtualMachines_northeuropevm_name')]",
                    "adminUsername": "olamideilori",
                    "windowsConfiguration": {
                        "provisionVMAgent": true,
                        "enableAutomaticUpdates": true,
                        "patchSettings": {
                            "patchMode": "AutomaticByOS",
                            "assessmentMode": "ImageDefault",
                            "enableHotpatching": false
                        },
                        "enableVMAgentPlatformUpdates": false
                    },
                    "secrets": [],
                    "allowExtensionOperations": true,
                    "requireGuestProvisionSignal": true
                },
                "networkProfile": {
                    "networkInterfaces": [
                        {
                            "id": "[resourceId('Microsoft.Network/networkInterfaces', parameters('networkInterfaces_northeuropevm358_name'))]",
                            "properties": {
                                "deleteOption": "Detach"
                            }
                        }
                    ]
                },
                "diagnosticsProfile": {
                    "bootDiagnostics": {
                        "enabled": true
                    }
                }
            }
        },
        {
            "type": "Microsoft.Compute/virtualMachines",
            "apiVersion": "2022-08-01",
            "name": "[parameters('virtualMachines_uksouth_vm_name')]",
            "location": "uksouth",
            "dependsOn": [
                "[resourceId('Microsoft.Network/networkInterfaces', parameters('networkInterfaces_uksouth_vm264_name'))]"
            ],
            "properties": {
                "hardwareProfile": {
                    "vmSize": "Standard_D2s_v3"
                },
                "storageProfile": {
                    "imageReference": {
                        "publisher": "MicrosoftWindowsServer",
                        "offer": "WindowsServer",
                        "sku": "2019-datacenter-gensecond",
                        "version": "latest"
                    },
                    "osDisk": {
                        "osType": "Windows",
                        "name": "[concat(parameters('virtualMachines_uksouth_vm_name'), '_OsDisk_1_a2807daed9a14a799717a46c91dda564')]",
                        "createOption": "FromImage",
                        "caching": "ReadWrite",
                        "managedDisk": {
                            "storageAccountType": "Premium_LRS",
                            "id": "[resourceId('Microsoft.Compute/disks', concat(parameters('virtualMachines_uksouth_vm_name'), '_OsDisk_1_a2807daed9a14a799717a46c91dda564'))]"
                        },
                        "deleteOption": "Delete",
                        "diskSizeGB": 127
                    },
                    "dataDisks": []
                },
                "osProfile": {
                    "computerName": "[parameters('virtualMachines_uksouth_vm_name')]",
                    "adminUsername": "olamideilori",
                    "windowsConfiguration": {
                        "provisionVMAgent": true,
                        "enableAutomaticUpdates": true,
                        "patchSettings": {
                            "patchMode": "AutomaticByOS",
                            "assessmentMode": "ImageDefault",
                            "enableHotpatching": false
                        },
                        "enableVMAgentPlatformUpdates": false
                    },
                    "secrets": [],
                    "allowExtensionOperations": true,
                    "requireGuestProvisionSignal": true
                },
                "networkProfile": {
                    "networkInterfaces": [
                        {
                            "id": "[resourceId('Microsoft.Network/networkInterfaces', parameters('networkInterfaces_uksouth_vm264_name'))]",
                            "properties": {
                                "deleteOption": "Detach"
                            }
                        }
                    ]
                },
                "diagnosticsProfile": {
                    "bootDiagnostics": {
                        "enabled": true
                    }
                }
            }
        },
        {
            "type": "Microsoft.Network/frontdoors",
            "apiVersion": "2021-06-01",
            "name": "[parameters('frontdoors_frontdoor0001_name')]",
            "location": "Global",
            "dependsOn": [
                "[resourceId('Microsoft.Network/frontdoorwebapplicationfirewallpolicies', parameters('frontdoorwebapplicationfirewallpolicies_wafpolicy_name'))]"
            ],
            "properties": {
                "routingRules": [
                    {
                        "id": "[concat(resourceId('Microsoft.Network/frontdoors', parameters('frontdoors_frontdoor0001_name')), '/RoutingRules/rulea')]",
                        "name": "rulea",
                        "properties": {
                            "routeConfiguration": {
                                "forwardingProtocol": "MatchRequest",
                                "backendPool": {
                                    "id": "[concat(resourceId('Microsoft.Network/frontdoors', parameters('frontdoors_frontdoor0001_name')), '/backendPools/backendpool')]"
                                },
                                "@odata.type": "#Microsoft.Azure.FrontDoor.Models.FrontdoorForwardingConfiguration"
                            },
                            "resourceState": "Enabled",
                            "frontendEndpoints": [
                                {
                                    "id": "[concat(resourceId('Microsoft.Network/frontdoors', parameters('frontdoors_frontdoor0001_name')), concat('/FrontendEndpoints/', parameters('frontdoors_frontdoor0001_name'), '-azurefd-net'))]"
                                }
                            ],
                            "acceptedProtocols": [
                                "Http",
                                "Https"
                            ],
                            "patternsToMatch": [
                                "/*"
                            ],
                            "enabledState": "Enabled"
                        }
                    }
                ],
                "resourceState": "Enabled",
                "loadBalancingSettings": [
                    {
                        "id": "[concat(resourceId('Microsoft.Network/frontdoors', parameters('frontdoors_frontdoor0001_name')), '/LoadBalancingSettings/loadBalancingSettings-1669588622639')]",
                        "name": "loadBalancingSettings-1669588622639",
                        "properties": {
                            "resourceState": "Enabled",
                            "sampleSize": 4,
                            "successfulSamplesRequired": 2,
                            "additionalLatencyMilliseconds": 0
                        }
                    }
                ],
                "healthProbeSettings": [
                    {
                        "id": "[concat(resourceId('Microsoft.Network/frontdoors', parameters('frontdoors_frontdoor0001_name')), '/HealthProbeSettings/healthProbeSettings-1669588622639')]",
                        "name": "healthProbeSettings-1669588622639",
                        "properties": {
                            "resourceState": "Enabled",
                            "path": "/",
                            "protocol": "Http",
                            "intervalInSeconds": 30,
                            "enabledState": "Enabled",
                            "healthProbeMethod": "Head"
                        }
                    }
                ],
                "backendPools": [
                    {
                        "id": "[concat(resourceId('Microsoft.Network/frontdoors', parameters('frontdoors_frontdoor0001_name')), '/BackendPools/backendpool')]",
                        "name": "backendpool",
                        "properties": {
                            "backends": [
                                {
                                    "address": "172.173.214.68",
                                    "httpPort": 80,
                                    "httpsPort": 443,
                                    "priority": 1,
                                    "weight": 100,
                                    "backendHostHeader": "172.173.214.68",
                                    "enabledState": "Enabled"
                                },
                                {
                                    "address": "20.223.160.218",
                                    "httpPort": 80,
                                    "httpsPort": 443,
                                    "priority": 1,
                                    "weight": 100,
                                    "backendHostHeader": "20.223.160.218",
                                    "enabledState": "Enabled"
                                },
                                {
                                    "address": "20.254.90.202",
                                    "httpPort": 80,
                                    "httpsPort": 443,
                                    "priority": 1,
                                    "weight": 100,
                                    "backendHostHeader": "20.254.90.202",
                                    "enabledState": "Enabled"
                                }
                            ],
                            "resourceState": "Enabled",
                            "loadBalancingSettings": {
                                "id": "[concat(resourceId('Microsoft.Network/frontdoors', parameters('frontdoors_frontdoor0001_name')), '/LoadBalancingSettings/loadBalancingSettings-1669588622639')]"
                            },
                            "healthProbeSettings": {
                                "id": "[concat(resourceId('Microsoft.Network/frontdoors', parameters('frontdoors_frontdoor0001_name')), '/HealthProbeSettings/healthProbeSettings-1669588622639')]"
                            }
                        }
                    }
                ],
                "frontendEndpoints": [
                    {
                        "id": "[concat(resourceId('Microsoft.Network/frontdoors', parameters('frontdoors_frontdoor0001_name')), concat('/FrontendEndpoints/', parameters('frontdoors_frontdoor0001_name'), '-azurefd-net'))]",
                        "name": "[concat(parameters('frontdoors_frontdoor0001_name'), '-azurefd-net')]",
                        "properties": {
                            "resourceState": "Enabled",
                            "hostName": "[concat(parameters('frontdoors_frontdoor0001_name'), '.azurefd.net')]",
                            "sessionAffinityEnabledState": "Disabled",
                            "sessionAffinityTtlSeconds": 0,
                            "webApplicationFirewallPolicyLink": {
                                "id": "[resourceId('Microsoft.Network/frontdoorwebapplicationfirewallpolicies', parameters('frontdoorwebapplicationfirewallpolicies_wafpolicy_name'))]"
                            }
                        }
                    }
                ],
                "backendPoolsSettings": {
                    "enforceCertificateNameCheck": "Enabled",
                    "sendRecvTimeoutSeconds": 30
                },
                "enabledState": "Enabled",
                "friendlyName": "[parameters('frontdoors_frontdoor0001_name')]"
            }
        },
        {
            "type": "Microsoft.Network/networkSecurityGroups/securityRules",
            "apiVersion": "2022-05-01",
            "name": "[concat(parameters('networkSecurityGroups_eastus_vm_nsg_name'), '/HTTP')]",
            "dependsOn": [
                "[resourceId('Microsoft.Network/networkSecurityGroups', parameters('networkSecurityGroups_eastus_vm_nsg_name'))]"
            ],
            "properties": {
                "protocol": "TCP",
                "sourcePortRange": "*",
                "destinationPortRange": "80",
                "sourceAddressPrefix": "*",
                "destinationAddressPrefix": "*",
                "access": "Allow",
                "priority": 320,
                "direction": "Inbound",
                "sourcePortRanges": [],
                "destinationPortRanges": [],
                "sourceAddressPrefixes": [],
                "destinationAddressPrefixes": []
            }
        },
        {
            "type": "Microsoft.Network/networkSecurityGroups/securityRules",
            "apiVersion": "2022-05-01",
            "name": "[concat(parameters('networkSecurityGroups_northeuropevm_nsg_name'), '/HTTP')]",
            "dependsOn": [
                "[resourceId('Microsoft.Network/networkSecurityGroups', parameters('networkSecurityGroups_northeuropevm_nsg_name'))]"
            ],
            "properties": {
                "protocol": "TCP",
                "sourcePortRange": "*",
                "destinationPortRange": "80",
                "sourceAddressPrefix": "*",
                "destinationAddressPrefix": "*",
                "access": "Allow",
                "priority": 320,
                "direction": "Inbound",
                "sourcePortRanges": [],
                "destinationPortRanges": [],
                "sourceAddressPrefixes": [],
                "destinationAddressPrefixes": []
            }
        },
        {
            "type": "Microsoft.Network/networkSecurityGroups/securityRules",
            "apiVersion": "2022-05-01",
            "name": "[concat(parameters('networkSecurityGroups_uksouth_vm_nsg_name'), '/HTTP')]",
            "dependsOn": [
                "[resourceId('Microsoft.Network/networkSecurityGroups', parameters('networkSecurityGroups_uksouth_vm_nsg_name'))]"
            ],
            "properties": {
                "protocol": "TCP",
                "sourcePortRange": "*",
                "destinationPortRange": "80",
                "sourceAddressPrefix": "*",
                "destinationAddressPrefix": "*",
                "access": "Allow",
                "priority": 320,
                "direction": "Inbound",
                "sourcePortRanges": [],
                "destinationPortRanges": [],
                "sourceAddressPrefixes": [],
                "destinationAddressPrefixes": []
            }
        },
        {
            "type": "Microsoft.Network/networkSecurityGroups/securityRules",
            "apiVersion": "2022-05-01",
            "name": "[concat(parameters('networkSecurityGroups_eastus_vm_nsg_name'), '/RDP')]",
            "dependsOn": [
                "[resourceId('Microsoft.Network/networkSecurityGroups', parameters('networkSecurityGroups_eastus_vm_nsg_name'))]"
            ],
            "properties": {
                "protocol": "TCP",
                "sourcePortRange": "*",
                "destinationPortRange": "3389",
                "sourceAddressPrefix": "*",
                "destinationAddressPrefix": "*",
                "access": "Allow",
                "priority": 300,
                "direction": "Inbound",
                "sourcePortRanges": [],
                "destinationPortRanges": [],
                "sourceAddressPrefixes": [],
                "destinationAddressPrefixes": []
            }
        },
        {
            "type": "Microsoft.Network/networkSecurityGroups/securityRules",
            "apiVersion": "2022-05-01",
            "name": "[concat(parameters('networkSecurityGroups_northeuropevm_nsg_name'), '/RDP')]",
            "dependsOn": [
                "[resourceId('Microsoft.Network/networkSecurityGroups', parameters('networkSecurityGroups_northeuropevm_nsg_name'))]"
            ],
            "properties": {
                "protocol": "TCP",
                "sourcePortRange": "*",
                "destinationPortRange": "3389",
                "sourceAddressPrefix": "*",
                "destinationAddressPrefix": "*",
                "access": "Allow",
                "priority": 300,
                "direction": "Inbound",
                "sourcePortRanges": [],
                "destinationPortRanges": [],
                "sourceAddressPrefixes": [],
                "destinationAddressPrefixes": []
            }
        },
        {
            "type": "Microsoft.Network/networkSecurityGroups/securityRules",
            "apiVersion": "2022-05-01",
            "name": "[concat(parameters('networkSecurityGroups_uksouth_vm_nsg_name'), '/RDP')]",
            "dependsOn": [
                "[resourceId('Microsoft.Network/networkSecurityGroups', parameters('networkSecurityGroups_uksouth_vm_nsg_name'))]"
            ],
            "properties": {
                "protocol": "TCP",
                "sourcePortRange": "*",
                "destinationPortRange": "3389",
                "sourceAddressPrefix": "*",
                "destinationAddressPrefix": "*",
                "access": "Allow",
                "priority": 300,
                "direction": "Inbound",
                "sourcePortRanges": [],
                "destinationPortRanges": [],
                "sourceAddressPrefixes": [],
                "destinationAddressPrefixes": []
            }
        },
        {
            "type": "Microsoft.Network/virtualNetworks",
            "apiVersion": "2022-05-01",
            "name": "[parameters('virtualNetworks_eastus_vnet_name')]",
            "location": "eastus",
            "dependsOn": [
                "[resourceId('Microsoft.Network/virtualNetworks/subnets', parameters('virtualNetworks_eastus_vnet_name'), 'default')]"
            ],
            "properties": {
                "addressSpace": {
                    "addressPrefixes": [
                        "10.2.0.0/16"
                    ]
                },
                "subnets": [
                    {
                        "name": "default",
                        "id": "[resourceId('Microsoft.Network/virtualNetworks/subnets', parameters('virtualNetworks_eastus_vnet_name'), 'default')]",
                        "properties": {
                            "addressPrefix": "10.2.0.0/24",
                            "delegations": [],
                            "privateEndpointNetworkPolicies": "Disabled",
                            "privateLinkServiceNetworkPolicies": "Enabled"
                        },
                        "type": "Microsoft.Network/virtualNetworks/subnets"
                    }
                ],
                "virtualNetworkPeerings": [],
                "enableDdosProtection": false
            }
        },
        {
            "type": "Microsoft.Network/virtualNetworks",
            "apiVersion": "2022-05-01",
            "name": "[parameters('virtualNetworks_northeurope_vnet_name')]",
            "location": "northeurope",
            "dependsOn": [
                "[resourceId('Microsoft.Network/virtualNetworks/subnets', parameters('virtualNetworks_northeurope_vnet_name'), 'default')]"
            ],
            "properties": {
                "addressSpace": {
                    "addressPrefixes": [
                        "10.0.0.0/16"
                    ]
                },
                "subnets": [
                    {
                        "name": "default",
                        "id": "[resourceId('Microsoft.Network/virtualNetworks/subnets', parameters('virtualNetworks_northeurope_vnet_name'), 'default')]",
                        "properties": {
                            "addressPrefix": "10.0.0.0/24",
                            "delegations": [],
                            "privateEndpointNetworkPolicies": "Disabled",
                            "privateLinkServiceNetworkPolicies": "Enabled"
                        },
                        "type": "Microsoft.Network/virtualNetworks/subnets"
                    }
                ],
                "virtualNetworkPeerings": [],
                "enableDdosProtection": false
            }
        },
        {
            "type": "Microsoft.Network/virtualNetworks",
            "apiVersion": "2022-05-01",
            "name": "[parameters('virtualNetworks_uksouth_vnet_name')]",
            "location": "uksouth",
            "dependsOn": [
                "[resourceId('Microsoft.Network/virtualNetworks/subnets', parameters('virtualNetworks_uksouth_vnet_name'), 'default')]"
            ],
            "properties": {
                "addressSpace": {
                    "addressPrefixes": [
                        "10.1.0.0/16"
                    ]
                },
                "subnets": [
                    {
                        "name": "default",
                        "id": "[resourceId('Microsoft.Network/virtualNetworks/subnets', parameters('virtualNetworks_uksouth_vnet_name'), 'default')]",
                        "properties": {
                            "addressPrefix": "10.1.0.0/24",
                            "delegations": [],
                            "privateEndpointNetworkPolicies": "Disabled",
                            "privateLinkServiceNetworkPolicies": "Enabled"
                        },
                        "type": "Microsoft.Network/virtualNetworks/subnets"
                    }
                ],
                "virtualNetworkPeerings": [],
                "enableDdosProtection": false
            }
        },
        {
            "type": "Microsoft.Network/virtualNetworks/subnets",
            "apiVersion": "2022-05-01",
            "name": "[concat(parameters('virtualNetworks_eastus_vnet_name'), '/default')]",
            "dependsOn": [
                "[resourceId('Microsoft.Network/virtualNetworks', parameters('virtualNetworks_eastus_vnet_name'))]"
            ],
            "properties": {
                "addressPrefix": "10.2.0.0/24",
                "delegations": [],
                "privateEndpointNetworkPolicies": "Disabled",
                "privateLinkServiceNetworkPolicies": "Enabled"
            }
        },
        {
            "type": "Microsoft.Network/virtualNetworks/subnets",
            "apiVersion": "2022-05-01",
            "name": "[concat(parameters('virtualNetworks_northeurope_vnet_name'), '/default')]",
            "dependsOn": [
                "[resourceId('Microsoft.Network/virtualNetworks', parameters('virtualNetworks_northeurope_vnet_name'))]"
            ],
            "properties": {
                "addressPrefix": "10.0.0.0/24",
                "delegations": [],
                "privateEndpointNetworkPolicies": "Disabled",
                "privateLinkServiceNetworkPolicies": "Enabled"
            }
        },
        {
            "type": "Microsoft.Network/virtualNetworks/subnets",
            "apiVersion": "2022-05-01",
            "name": "[concat(parameters('virtualNetworks_uksouth_vnet_name'), '/default')]",
            "dependsOn": [
                "[resourceId('Microsoft.Network/virtualNetworks', parameters('virtualNetworks_uksouth_vnet_name'))]"
            ],
            "properties": {
                "addressPrefix": "10.1.0.0/24",
                "delegations": [],
                "privateEndpointNetworkPolicies": "Disabled",
                "privateLinkServiceNetworkPolicies": "Enabled"
            }
        },
        {
            "type": "Microsoft.Network/networkSecurityGroups",
            "apiVersion": "2022-05-01",
            "name": "[parameters('networkSecurityGroups_eastus_vm_nsg_name')]",
            "location": "eastus",
            "dependsOn": [
                "[resourceId('Microsoft.Network/networkSecurityGroups/securityRules', parameters('networkSecurityGroups_eastus_vm_nsg_name'), 'RDP')]",
                "[resourceId('Microsoft.Network/networkSecurityGroups/securityRules', parameters('networkSecurityGroups_eastus_vm_nsg_name'), 'HTTP')]"
            ],
            "properties": {
                "securityRules": [
                    {
                        "name": "RDP",
                        "id": "[resourceId('Microsoft.Network/networkSecurityGroups/securityRules', parameters('networkSecurityGroups_eastus_vm_nsg_name'), 'RDP')]",
                        "type": "Microsoft.Network/networkSecurityGroups/securityRules",
                        "properties": {
                            "protocol": "TCP",
                            "sourcePortRange": "*",
                            "destinationPortRange": "3389",
                            "sourceAddressPrefix": "*",
                            "destinationAddressPrefix": "*",
                            "access": "Allow",
                            "priority": 300,
                            "direction": "Inbound",
                            "sourcePortRanges": [],
                            "destinationPortRanges": [],
                            "sourceAddressPrefixes": [],
                            "destinationAddressPrefixes": []
                        }
                    },
                    {
                        "name": "HTTP",
                        "id": "[resourceId('Microsoft.Network/networkSecurityGroups/securityRules', parameters('networkSecurityGroups_eastus_vm_nsg_name'), 'HTTP')]",
                        "type": "Microsoft.Network/networkSecurityGroups/securityRules",
                        "properties": {
                            "protocol": "TCP",
                            "sourcePortRange": "*",
                            "destinationPortRange": "80",
                            "sourceAddressPrefix": "*",
                            "destinationAddressPrefix": "*",
                            "access": "Allow",
                            "priority": 320,
                            "direction": "Inbound",
                            "sourcePortRanges": [],
                            "destinationPortRanges": [],
                            "sourceAddressPrefixes": [],
                            "destinationAddressPrefixes": []
                        }
                    }
                ]
            }
        },
        {
            "type": "Microsoft.Network/networkSecurityGroups",
            "apiVersion": "2022-05-01",
            "name": "[parameters('networkSecurityGroups_northeuropevm_nsg_name')]",
            "location": "northeurope",
            "dependsOn": [
                "[resourceId('Microsoft.Network/networkSecurityGroups/securityRules', parameters('networkSecurityGroups_northeuropevm_nsg_name'), 'RDP')]",
                "[resourceId('Microsoft.Network/networkSecurityGroups/securityRules', parameters('networkSecurityGroups_northeuropevm_nsg_name'), 'HTTP')]"
            ],
            "properties": {
                "securityRules": [
                    {
                        "name": "RDP",
                        "id": "[resourceId('Microsoft.Network/networkSecurityGroups/securityRules', parameters('networkSecurityGroups_northeuropevm_nsg_name'), 'RDP')]",
                        "type": "Microsoft.Network/networkSecurityGroups/securityRules",
                        "properties": {
                            "protocol": "TCP",
                            "sourcePortRange": "*",
                            "destinationPortRange": "3389",
                            "sourceAddressPrefix": "*",
                            "destinationAddressPrefix": "*",
                            "access": "Allow",
                            "priority": 300,
                            "direction": "Inbound",
                            "sourcePortRanges": [],
                            "destinationPortRanges": [],
                            "sourceAddressPrefixes": [],
                            "destinationAddressPrefixes": []
                        }
                    },
                    {
                        "name": "HTTP",
                        "id": "[resourceId('Microsoft.Network/networkSecurityGroups/securityRules', parameters('networkSecurityGroups_northeuropevm_nsg_name'), 'HTTP')]",
                        "type": "Microsoft.Network/networkSecurityGroups/securityRules",
                        "properties": {
                            "protocol": "TCP",
                            "sourcePortRange": "*",
                            "destinationPortRange": "80",
                            "sourceAddressPrefix": "*",
                            "destinationAddressPrefix": "*",
                            "access": "Allow",
                            "priority": 320,
                            "direction": "Inbound",
                            "sourcePortRanges": [],
                            "destinationPortRanges": [],
                            "sourceAddressPrefixes": [],
                            "destinationAddressPrefixes": []
                        }
                    }
                ]
            }
        },
        {
            "type": "Microsoft.Network/networkSecurityGroups",
            "apiVersion": "2022-05-01",
            "name": "[parameters('networkSecurityGroups_uksouth_vm_nsg_name')]",
            "location": "uksouth",
            "dependsOn": [
                "[resourceId('Microsoft.Network/networkSecurityGroups/securityRules', parameters('networkSecurityGroups_uksouth_vm_nsg_name'), 'RDP')]",
                "[resourceId('Microsoft.Network/networkSecurityGroups/securityRules', parameters('networkSecurityGroups_uksouth_vm_nsg_name'), 'HTTP')]"
            ],
            "properties": {
                "securityRules": [
                    {
                        "name": "RDP",
                        "id": "[resourceId('Microsoft.Network/networkSecurityGroups/securityRules', parameters('networkSecurityGroups_uksouth_vm_nsg_name'), 'RDP')]",
                        "type": "Microsoft.Network/networkSecurityGroups/securityRules",
                        "properties": {
                            "protocol": "TCP",
                            "sourcePortRange": "*",
                            "destinationPortRange": "3389",
                            "sourceAddressPrefix": "*",
                            "destinationAddressPrefix": "*",
                            "access": "Allow",
                            "priority": 300,
                            "direction": "Inbound",
                            "sourcePortRanges": [],
                            "destinationPortRanges": [],
                            "sourceAddressPrefixes": [],
                            "destinationAddressPrefixes": []
                        }
                    },
                    {
                        "name": "HTTP",
                        "id": "[resourceId('Microsoft.Network/networkSecurityGroups/securityRules', parameters('networkSecurityGroups_uksouth_vm_nsg_name'), 'HTTP')]",
                        "type": "Microsoft.Network/networkSecurityGroups/securityRules",
                        "properties": {
                            "protocol": "TCP",
                            "sourcePortRange": "*",
                            "destinationPortRange": "80",
                            "sourceAddressPrefix": "*",
                            "destinationAddressPrefix": "*",
                            "access": "Allow",
                            "priority": 320,
                            "direction": "Inbound",
                            "sourcePortRanges": [],
                            "destinationPortRanges": [],
                            "sourceAddressPrefixes": [],
                            "destinationAddressPrefixes": []
                        }
                    }
                ]
            }
        },
        {
            "type": "Microsoft.Network/networkInterfaces",
            "apiVersion": "2022-05-01",
            "name": "[parameters('networkInterfaces_eastus_vm595_name')]",
            "location": "eastus",
            "dependsOn": [
                "[resourceId('Microsoft.Network/publicIPAddresses', parameters('publicIPAddresses_eastus_vm_ip_name'))]",
                "[resourceId('Microsoft.Network/virtualNetworks/subnets', parameters('virtualNetworks_eastus_vnet_name'), 'default')]",
                "[resourceId('Microsoft.Network/networkSecurityGroups', parameters('networkSecurityGroups_eastus_vm_nsg_name'))]"
            ],
            "kind": "Regular",
            "properties": {
                "ipConfigurations": [
                    {
                        "name": "ipconfig1",
                        "id": "[concat(resourceId('Microsoft.Network/networkInterfaces', parameters('networkInterfaces_eastus_vm595_name')), '/ipConfigurations/ipconfig1')]",
                        "etag": "W/\"a9d496a7-9c36-45dc-895d-e7c88c81b201\"",
                        "type": "Microsoft.Network/networkInterfaces/ipConfigurations",
                        "properties": {
                            "provisioningState": "Succeeded",
                            "privateIPAddress": "10.2.0.4",
                            "privateIPAllocationMethod": "Dynamic",
                            "publicIPAddress": {
                                "name": "eastus-vm-ip",
                                "id": "[resourceId('Microsoft.Network/publicIPAddresses', parameters('publicIPAddresses_eastus_vm_ip_name'))]",
                                "properties": {
                                    "provisioningState": "Succeeded",
                                    "resourceGuid": "e256446f-9d60-4bb3-8a61-7e6a56650091",
                                    "publicIPAddressVersion": "IPv4",
                                    "publicIPAllocationMethod": "Dynamic",
                                    "idleTimeoutInMinutes": 4,
                                    "ipTags": [],
                                    "ipConfiguration": {
                                        "id": "[concat(resourceId('Microsoft.Network/networkInterfaces', parameters('networkInterfaces_eastus_vm595_name')), '/ipConfigurations/ipconfig1')]"
                                    },
                                    "deleteOption": "Detach"
                                },
                                "type": "Microsoft.Network/publicIPAddresses",
                                "sku": {
                                    "name": "Basic",
                                    "tier": "Regional"
                                }
                            },
                            "subnet": {
                                "id": "[resourceId('Microsoft.Network/virtualNetworks/subnets', parameters('virtualNetworks_eastus_vnet_name'), 'default')]"
                            },
                            "primary": true,
                            "privateIPAddressVersion": "IPv4"
                        }
                    }
                ],
                "dnsSettings": {
                    "dnsServers": []
                },
                "enableAcceleratedNetworking": true,
                "enableIPForwarding": false,
                "disableTcpStateTracking": false,
                "networkSecurityGroup": {
                    "id": "[resourceId('Microsoft.Network/networkSecurityGroups', parameters('networkSecurityGroups_eastus_vm_nsg_name'))]"
                },
                "nicType": "Standard"
            }
        },
        {
            "type": "Microsoft.Network/networkInterfaces",
            "apiVersion": "2022-05-01",
            "name": "[parameters('networkInterfaces_northeuropevm358_name')]",
            "location": "northeurope",
            "dependsOn": [
                "[resourceId('Microsoft.Network/publicIPAddresses', parameters('publicIPAddresses_northeuropevm_ip_name'))]",
                "[resourceId('Microsoft.Network/virtualNetworks/subnets', parameters('virtualNetworks_northeurope_vnet_name'), 'default')]",
                "[resourceId('Microsoft.Network/networkSecurityGroups', parameters('networkSecurityGroups_northeuropevm_nsg_name'))]"
            ],
            "kind": "Regular",
            "properties": {
                "ipConfigurations": [
                    {
                        "name": "ipconfig1",
                        "id": "[concat(resourceId('Microsoft.Network/networkInterfaces', parameters('networkInterfaces_northeuropevm358_name')), '/ipConfigurations/ipconfig1')]",
                        "etag": "W/\"4f1f0ff3-be8c-4d32-9606-ae9415f92815\"",
                        "type": "Microsoft.Network/networkInterfaces/ipConfigurations",
                        "properties": {
                            "provisioningState": "Succeeded",
                            "privateIPAddress": "10.0.0.4",
                            "privateIPAllocationMethod": "Dynamic",
                            "publicIPAddress": {
                                "name": "northeuropevm-ip",
                                "id": "[resourceId('Microsoft.Network/publicIPAddresses', parameters('publicIPAddresses_northeuropevm_ip_name'))]",
                                "properties": {
                                    "provisioningState": "Succeeded",
                                    "resourceGuid": "00fa0049-5502-46f9-a361-61e0e2e472c5",
                                    "publicIPAddressVersion": "IPv4",
                                    "publicIPAllocationMethod": "Dynamic",
                                    "idleTimeoutInMinutes": 4,
                                    "ipTags": [],
                                    "ipConfiguration": {
                                        "id": "[concat(resourceId('Microsoft.Network/networkInterfaces', parameters('networkInterfaces_northeuropevm358_name')), '/ipConfigurations/ipconfig1')]"
                                    },
                                    "deleteOption": "Detach"
                                },
                                "type": "Microsoft.Network/publicIPAddresses",
                                "sku": {
                                    "name": "Basic",
                                    "tier": "Regional"
                                }
                            },
                            "subnet": {
                                "id": "[resourceId('Microsoft.Network/virtualNetworks/subnets', parameters('virtualNetworks_northeurope_vnet_name'), 'default')]"
                            },
                            "primary": true,
                            "privateIPAddressVersion": "IPv4"
                        }
                    }
                ],
                "dnsSettings": {
                    "dnsServers": []
                },
                "enableAcceleratedNetworking": true,
                "enableIPForwarding": false,
                "disableTcpStateTracking": false,
                "networkSecurityGroup": {
                    "id": "[resourceId('Microsoft.Network/networkSecurityGroups', parameters('networkSecurityGroups_northeuropevm_nsg_name'))]"
                },
                "nicType": "Standard"
            }
        },
        {
            "type": "Microsoft.Network/networkInterfaces",
            "apiVersion": "2022-05-01",
            "name": "[parameters('networkInterfaces_uksouth_vm264_name')]",
            "location": "uksouth",
            "dependsOn": [
                "[resourceId('Microsoft.Network/publicIPAddresses', parameters('publicIPAddresses_uksouth_vm_ip_name'))]",
                "[resourceId('Microsoft.Network/virtualNetworks/subnets', parameters('virtualNetworks_uksouth_vnet_name'), 'default')]",
                "[resourceId('Microsoft.Network/networkSecurityGroups', parameters('networkSecurityGroups_uksouth_vm_nsg_name'))]"
            ],
            "kind": "Regular",
            "properties": {
                "ipConfigurations": [
                    {
                        "name": "ipconfig1",
                        "id": "[concat(resourceId('Microsoft.Network/networkInterfaces', parameters('networkInterfaces_uksouth_vm264_name')), '/ipConfigurations/ipconfig1')]",
                        "etag": "W/\"15adbe07-b86e-44c8-9dde-d80d7e3436d6\"",
                        "type": "Microsoft.Network/networkInterfaces/ipConfigurations",
                        "properties": {
                            "provisioningState": "Succeeded",
                            "privateIPAddress": "10.1.0.4",
                            "privateIPAllocationMethod": "Dynamic",
                            "publicIPAddress": {
                                "name": "uksouth-vm-ip",
                                "id": "[resourceId('Microsoft.Network/publicIPAddresses', parameters('publicIPAddresses_uksouth_vm_ip_name'))]",
                                "properties": {
                                    "provisioningState": "Succeeded",
                                    "resourceGuid": "703d33be-dafc-4030-aabc-046840334bf4",
                                    "publicIPAddressVersion": "IPv4",
                                    "publicIPAllocationMethod": "Dynamic",
                                    "idleTimeoutInMinutes": 4,
                                    "ipTags": [],
                                    "ipConfiguration": {
                                        "id": "[concat(resourceId('Microsoft.Network/networkInterfaces', parameters('networkInterfaces_uksouth_vm264_name')), '/ipConfigurations/ipconfig1')]"
                                    },
                                    "deleteOption": "Detach"
                                },
                                "type": "Microsoft.Network/publicIPAddresses",
                                "sku": {
                                    "name": "Basic",
                                    "tier": "Regional"
                                }
                            },
                            "subnet": {
                                "id": "[resourceId('Microsoft.Network/virtualNetworks/subnets', parameters('virtualNetworks_uksouth_vnet_name'), 'default')]"
                            },
                            "primary": true,
                            "privateIPAddressVersion": "IPv4"
                        }
                    }
                ],
                "dnsSettings": {
                    "dnsServers": []
                },
                "enableAcceleratedNetworking": true,
                "enableIPForwarding": false,
                "disableTcpStateTracking": false,
                "networkSecurityGroup": {
                    "id": "[resourceId('Microsoft.Network/networkSecurityGroups', parameters('networkSecurityGroups_uksouth_vm_nsg_name'))]"
                },
                "nicType": "Standard"
            }
        }
    ]
}