{
    "$schema": "https://schema.management.azure.com/schemas/2015-01-01/deploymentParameters.json#",
    "contentVersion": "1.0.0.0",
    "parameters": {
        "loadBalancers_loadbalancer_name": {
            "value": null
        },
        "storageAccounts_vmss001storage_name": {
            "value": null
        },
        "virtualMachineScaleSets_vmss001_name": {
            "value": null
        },
        "publicIPAddresses_loadbalancer_ip_name": {
            "value": null
        },
        "virtualNetworks_scalesetgroup_vnet_name": {
            "value": null
        },
        "networkSecurityGroups_basicNsgscalesetgroup_vnet_nic01_name": {
            "value": null
        },
        "disks_vmss001_vmss001_0_disk1_c8dda029c9054abaaf6b9a0f15323de2_externalid": {
            "value": null
        }
    }
}