{
    "$schema": "https://schema.management.azure.com/schemas/2019-04-01/deploymentTemplate.json#",
    "contentVersion": "1.0.0.0",
    "parameters": {
        "loadBalancers_loadbalancer_name": {
            "defaultValue": "loadbalancer",
            "type": "String"
        },
        "storageAccounts_vmss001storage_name": {
            "defaultValue": "vmss001storage",
            "type": "String"
        },
        "virtualMachineScaleSets_vmss001_name": {
            "defaultValue": "vmss001",
            "type": "String"
        },
        "publicIPAddresses_loadbalancer_ip_name": {
            "defaultValue": "loadbalancer-ip",
            "type": "String"
        },
        "virtualNetworks_scalesetgroup_vnet_name": {
            "defaultValue": "scalesetgroup-vnet",
            "type": "String"
        },
        "networkSecurityGroups_basicNsgscalesetgroup_vnet_nic01_name": {
            "defaultValue": "basicNsgscalesetgroup-vnet-nic01",
            "type": "String"
        },
        "disks_vmss001_vmss001_0_disk1_c8dda029c9054abaaf6b9a0f15323de2_externalid": {
            "defaultValue": "/subscriptions/1e950dd0-77af-4a6c-bf38-73cf98cf18f4/resourceGroups/scalesetgroup/providers/Microsoft.Compute/disks/vmss001_vmss001_0_disk1_c8dda029c9054abaaf6b9a0f15323de2",
            "type": "String"
        }
    },
    "variables": {},
    "resources": [
        {
            "type": "Microsoft.Network/publicIPAddresses",
            "apiVersion": "2022-01-01",
            "name": "[parameters('publicIPAddresses_loadbalancer_ip_name')]",
            "location": "northeurope",
            "sku": {
                "name": "Standard",
                "tier": "Regional"
            },
            "properties": {
                "ipAddress": "20.123.19.156",
                "publicIPAddressVersion": "IPv4",
                "publicIPAllocationMethod": "Static",
                "idleTimeoutInMinutes": 4,
                "ipTags": []
            }
        },
        {
            "type": "Microsoft.Storage/storageAccounts",
            "apiVersion": "2022-05-01",
            "name": "[parameters('storageAccounts_vmss001storage_name')]",
            "location": "northeurope",
            "sku": {
                "name": "Standard_LRS",
                "tier": "Standard"
            },
            "kind": "StorageV2",
            "properties": {
                "dnsEndpointType": "Standard",
                "defaultToOAuthAuthentication": false,
                "publicNetworkAccess": "Enabled",
                "allowCrossTenantReplication": true,
                "minimumTlsVersion": "TLS1_2",
                "allowBlobPublicAccess": true,
                "allowSharedKeyAccess": true,
                "networkAcls": {
                    "bypass": "AzureServices",
                    "virtualNetworkRules": [],
                    "ipRules": [],
                    "defaultAction": "Allow"
                },
                "supportsHttpsTrafficOnly": true,
                "encryption": {
                    "requireInfrastructureEncryption": false,
                    "services": {
                        "file": {
                            "keyType": "Account",
                            "enabled": true
                        },
                        "blob": {
                            "keyType": "Account",
                            "enabled": true
                        }
                    },
                    "keySource": "Microsoft.Storage"
                },
                "accessTier": "Hot"
            }
        },
        {
            "type": "Microsoft.Compute/virtualMachineScaleSets/extensions",
            "apiVersion": "2022-03-01",
            "name": "[concat(parameters('virtualMachineScaleSets_vmss001_name'), '/CustomScriptExtension')]",
            "dependsOn": [
                "[resourceId('Microsoft.Compute/virtualMachineScaleSets', parameters('virtualMachineScaleSets_vmss001_name'))]"
            ],
            "properties": {
                "provisioningState": "Succeeded",
                "autoUpgradeMinorVersion": true,
                "publisher": "Microsoft.Compute",
                "type": "CustomScriptExtension",
                "typeHandlerVersion": "1.9",
                "settings": {}
            }
        },
        {
            "type": "Microsoft.Network/loadBalancers/backendAddressPools",
            "apiVersion": "2022-01-01",
            "name": "[concat(parameters('loadBalancers_loadbalancer_name'), '/vmss001backendpool')]",
            "dependsOn": [
                "[resourceId('Microsoft.Network/loadBalancers', parameters('loadBalancers_loadbalancer_name'))]"
            ],
            "properties": {
                "loadBalancerBackendAddresses": [
                    {
                        "name": "de3d59ca-32f6-48b7-906d-434a4ad5810f",
                        "properties": {}
                    }
                ]
            }
        },
        {
            "type": "Microsoft.Network/loadBalancers/inboundNatRules",
            "apiVersion": "2022-01-01",
            "name": "[concat(parameters('loadBalancers_loadbalancer_name'), '/natpool.0')]",
            "dependsOn": [
                "[resourceId('Microsoft.Network/loadBalancers', parameters('loadBalancers_loadbalancer_name'))]"
            ],
            "properties": {
                "frontendIPConfiguration": {
                    "id": "[concat(resourceId('Microsoft.Network/loadBalancers', parameters('loadBalancers_loadbalancer_name')), '/frontendIPConfigurations/LoadBalancerFrontEnd')]"
                },
                "frontendPort": 50000,
                "backendPort": 3389,
                "enableFloatingIP": false,
                "idleTimeoutInMinutes": 4,
                "protocol": "Tcp",
                "enableTcpReset": false
            }
        },
        {
            "type": "Microsoft.Network/networkSecurityGroups",
            "apiVersion": "2022-01-01",
            "name": "[parameters('networkSecurityGroups_basicNsgscalesetgroup_vnet_nic01_name')]",
            "location": "northeurope",
            "dependsOn": [
                "[resourceId('Microsoft.Network/networkSecurityGroups/securityRules', parameters('networkSecurityGroups_basicNsgscalesetgroup_vnet_nic01_name'), 'AllowAnyHTTPInbound')]"
            ],
            "properties": {
                "securityRules": [
                    {
                        "name": "AllowAnyHTTPInbound",
                        "id": "[resourceId('Microsoft.Network/networkSecurityGroups/securityRules', parameters('networkSecurityGroups_basicNsgscalesetgroup_vnet_nic01_name'), 'AllowAnyHTTPInbound')]",
                        "type": "Microsoft.Network/networkSecurityGroups/securityRules",
                        "properties": {
                            "protocol": "TCP",
                            "sourcePortRange": "*",
                            "destinationPortRange": "80",
                            "sourceAddressPrefix": "*",
                            "destinationAddressPrefix": "*",
                            "access": "Allow",
                            "priority": 100,
                            "direction": "Inbound",
                            "sourcePortRanges": [],
                            "destinationPortRanges": [],
                            "sourceAddressPrefixes": [],
                            "destinationAddressPrefixes": []
                        }
                    }
                ]
            }
        },
        {
            "type": "Microsoft.Network/networkSecurityGroups/securityRules",
            "apiVersion": "2022-01-01",
            "name": "[concat(parameters('networkSecurityGroups_basicNsgscalesetgroup_vnet_nic01_name'), '/AllowAnyHTTPInbound')]",
            "dependsOn": [
                "[resourceId('Microsoft.Network/networkSecurityGroups', parameters('networkSecurityGroups_basicNsgscalesetgroup_vnet_nic01_name'))]"
            ],
            "properties": {
                "protocol": "TCP",
                "sourcePortRange": "*",
                "destinationPortRange": "80",
                "sourceAddressPrefix": "*",
                "destinationAddressPrefix": "*",
                "access": "Allow",
                "priority": 100,
                "direction": "Inbound",
                "sourcePortRanges": [],
                "destinationPortRanges": [],
                "sourceAddressPrefixes": [],
                "destinationAddressPrefixes": []
            }
        },
        {
            "type": "Microsoft.Network/virtualNetworks",
            "apiVersion": "2022-01-01",
            "name": "[parameters('virtualNetworks_scalesetgroup_vnet_name')]",
            "location": "northeurope",
            "dependsOn": [
                "[resourceId('Microsoft.Network/virtualNetworks/subnets', parameters('virtualNetworks_scalesetgroup_vnet_name'), 'default')]"
            ],
            "properties": {
                "addressSpace": {
                    "addressPrefixes": [
                        "10.0.0.0/16"
                    ]
                },
                "subnets": [
                    {
                        "name": "default",
                        "id": "[resourceId('Microsoft.Network/virtualNetworks/subnets', parameters('virtualNetworks_scalesetgroup_vnet_name'), 'default')]",
                        "properties": {
                            "addressPrefix": "10.0.0.0/16",
                            "delegations": [],
                            "privateEndpointNetworkPolicies": "Disabled",
                            "privateLinkServiceNetworkPolicies": "Enabled"
                        },
                        "type": "Microsoft.Network/virtualNetworks/subnets"
                    }
                ],
                "virtualNetworkPeerings": [],
                "enableDdosProtection": false
            }
        },
        {
            "type": "Microsoft.Network/virtualNetworks/subnets",
            "apiVersion": "2022-01-01",
            "name": "[concat(parameters('virtualNetworks_scalesetgroup_vnet_name'), '/default')]",
            "dependsOn": [
                "[resourceId('Microsoft.Network/virtualNetworks', parameters('virtualNetworks_scalesetgroup_vnet_name'))]"
            ],
            "properties": {
                "addressPrefix": "10.0.0.0/16",
                "delegations": [],
                "privateEndpointNetworkPolicies": "Disabled",
                "privateLinkServiceNetworkPolicies": "Enabled"
            }
        },
        {
            "type": "Microsoft.Storage/storageAccounts/blobServices",
            "apiVersion": "2022-05-01",
            "name": "[concat(parameters('storageAccounts_vmss001storage_name'), '/default')]",
            "dependsOn": [
                "[resourceId('Microsoft.Storage/storageAccounts', parameters('storageAccounts_vmss001storage_name'))]"
            ],
            "sku": {
                "name": "Standard_LRS",
                "tier": "Standard"
            },
            "properties": {
                "changeFeed": {
                    "enabled": false
                },
                "restorePolicy": {
                    "enabled": false
                },
                "containerDeleteRetentionPolicy": {
                    "enabled": true,
                    "days": 7
                },
                "cors": {
                    "corsRules": []
                },
                "deleteRetentionPolicy": {
                    "allowPermanentDelete": false,
                    "enabled": true,
                    "days": 7
                },
                "isVersioningEnabled": false
            }
        },
        {
            "type": "Microsoft.Storage/storageAccounts/fileServices",
            "apiVersion": "2022-05-01",
            "name": "[concat(parameters('storageAccounts_vmss001storage_name'), '/default')]",
            "dependsOn": [
                "[resourceId('Microsoft.Storage/storageAccounts', parameters('storageAccounts_vmss001storage_name'))]"
            ],
            "sku": {
                "name": "Standard_LRS",
                "tier": "Standard"
            },
            "properties": {
                "protocolSettings": {
                    "smb": {}
                },
                "cors": {
                    "corsRules": []
                },
                "shareDeleteRetentionPolicy": {
                    "enabled": true,
                    "days": 7
                }
            }
        },
        {
            "type": "Microsoft.Storage/storageAccounts/queueServices",
            "apiVersion": "2022-05-01",
            "name": "[concat(parameters('storageAccounts_vmss001storage_name'), '/default')]",
            "dependsOn": [
                "[resourceId('Microsoft.Storage/storageAccounts', parameters('storageAccounts_vmss001storage_name'))]"
            ],
            "properties": {
                "cors": {
                    "corsRules": []
                }
            }
        },
        {
            "type": "Microsoft.Storage/storageAccounts/tableServices",
            "apiVersion": "2022-05-01",
            "name": "[concat(parameters('storageAccounts_vmss001storage_name'), '/default')]",
            "dependsOn": [
                "[resourceId('Microsoft.Storage/storageAccounts', parameters('storageAccounts_vmss001storage_name'))]"
            ],
            "properties": {
                "cors": {
                    "corsRules": []
                }
            }
        },
        {
            "type": "Microsoft.Compute/virtualMachineScaleSets/virtualMachines/extensions",
            "apiVersion": "2022-03-01",
            "name": "[concat(parameters('virtualMachineScaleSets_vmss001_name'), '/0/CustomScriptExtension')]",
            "location": "northeurope",
            "dependsOn": [
                "[resourceId('Microsoft.Compute/virtualMachineScaleSets/virtualMachines', parameters('virtualMachineScaleSets_vmss001_name'), '0')]",
                "[resourceId('Microsoft.Compute/virtualMachineScaleSets', parameters('virtualMachineScaleSets_vmss001_name'))]"
            ],
            "properties": {
                "autoUpgradeMinorVersion": true,
                "publisher": "Microsoft.Compute",
                "type": "CustomScriptExtension",
                "typeHandlerVersion": "1.9",
                "settings": {}
            }
        },
        {
            "type": "Microsoft.Storage/storageAccounts/blobServices/containers",
            "apiVersion": "2022-05-01",
            "name": "[concat(parameters('storageAccounts_vmss001storage_name'), '/default/vmss001container')]",
            "dependsOn": [
                "[resourceId('Microsoft.Storage/storageAccounts/blobServices', parameters('storageAccounts_vmss001storage_name'), 'default')]",
                "[resourceId('Microsoft.Storage/storageAccounts', parameters('storageAccounts_vmss001storage_name'))]"
            ],
            "properties": {
                "immutableStorageWithVersioning": {
                    "enabled": false
                },
                "defaultEncryptionScope": "$account-encryption-key",
                "denyEncryptionScopeOverride": false,
                "publicAccess": "None"
            }
        },
        {
            "type": "Microsoft.Network/loadBalancers",
            "apiVersion": "2022-01-01",
            "name": "[parameters('loadBalancers_loadbalancer_name')]",
            "location": "northeurope",
            "dependsOn": [
                "[resourceId('Microsoft.Network/publicIPAddresses', parameters('publicIPAddresses_loadbalancer_ip_name'))]",
                "[resourceId('Microsoft.Network/loadBalancers/backendAddressPools', parameters('loadBalancers_loadbalancer_name'), 'vmss001backendpool')]",
                "[resourceId('Microsoft.Network/loadBalancers/inboundNatRules', parameters('loadBalancers_loadbalancer_name'), 'natpool.0')]"
            ],
            "sku": {
                "name": "Standard",
                "tier": "Regional"
            },
            "properties": {
                "frontendIPConfigurations": [
                    {
                        "name": "LoadBalancerFrontEnd",
                        "id": "[concat(resourceId('Microsoft.Network/loadBalancers', parameters('loadBalancers_loadbalancer_name')), '/frontendIPConfigurations/LoadBalancerFrontEnd')]",
                        "properties": {
                            "privateIPAllocationMethod": "Dynamic",
                            "publicIPAddress": {
                                "id": "[resourceId('Microsoft.Network/publicIPAddresses', parameters('publicIPAddresses_loadbalancer_ip_name'))]"
                            }
                        }
                    }
                ],
                "backendAddressPools": [
                    {
                        "name": "vmss001backendpool",
                        "id": "[resourceId('Microsoft.Network/loadBalancers/backendAddressPools', parameters('loadBalancers_loadbalancer_name'), 'vmss001backendpool')]",
                        "properties": {
                            "loadBalancerBackendAddresses": [
                                {
                                    "name": "de3d59ca-32f6-48b7-906d-434a4ad5810f",
                                    "properties": {}
                                }
                            ]
                        }
                    }
                ],
                "loadBalancingRules": [
                    {
                        "name": "LBRule",
                        "id": "[concat(resourceId('Microsoft.Network/loadBalancers', parameters('loadBalancers_loadbalancer_name')), '/loadBalancingRules/LBRule')]",
                        "properties": {
                            "frontendIPConfiguration": {
                                "id": "[concat(resourceId('Microsoft.Network/loadBalancers', parameters('loadBalancers_loadbalancer_name')), '/frontendIPConfigurations/LoadBalancerFrontEnd')]"
                            },
                            "frontendPort": 80,
                            "backendPort": 80,
                            "enableFloatingIP": false,
                            "idleTimeoutInMinutes": 5,
                            "protocol": "Tcp",
                            "enableTcpReset": false,
                            "loadDistribution": "Default",
                            "disableOutboundSnat": false,
                            "backendAddressPool": {
                                "id": "[resourceId('Microsoft.Network/loadBalancers/backendAddressPools', parameters('loadBalancers_loadbalancer_name'), 'vmss001backendpool')]"
                            },
                            "backendAddressPools": [
                                {
                                    "id": "[resourceId('Microsoft.Network/loadBalancers/backendAddressPools', parameters('loadBalancers_loadbalancer_name'), 'vmss001backendpool')]"
                                }
                            ],
                            "probe": {
                                "id": "[concat(resourceId('Microsoft.Network/loadBalancers', parameters('loadBalancers_loadbalancer_name')), '/probes/tcpProbe')]"
                            }
                        }
                    }
                ],
                "probes": [
                    {
                        "name": "tcpProbe",
                        "id": "[concat(resourceId('Microsoft.Network/loadBalancers', parameters('loadBalancers_loadbalancer_name')), '/probes/tcpProbe')]",
                        "properties": {
                            "protocol": "Tcp",
                            "port": 80,
                            "intervalInSeconds": 5,
                            "numberOfProbes": 2
                        }
                    }
                ],
                "inboundNatRules": [
                    {
                        "name": "natpool.0",
                        "id": "[resourceId('Microsoft.Network/loadBalancers/inboundNatRules', parameters('loadBalancers_loadbalancer_name'), 'natpool.0')]",
                        "properties": {
                            "frontendIPConfiguration": {
                                "id": "[concat(resourceId('Microsoft.Network/loadBalancers', parameters('loadBalancers_loadbalancer_name')), '/frontendIPConfigurations/LoadBalancerFrontEnd')]"
                            },
                            "frontendPort": 50000,
                            "backendPort": 3389,
                            "enableFloatingIP": false,
                            "idleTimeoutInMinutes": 4,
                            "protocol": "Tcp",
                            "enableTcpReset": false
                        }
                    }
                ],
                "outboundRules": [],
                "inboundNatPools": [
                    {
                        "name": "natpool",
                        "id": "[concat(resourceId('Microsoft.Network/loadBalancers', parameters('loadBalancers_loadbalancer_name')), '/inboundNatPools/natpool')]",
                        "properties": {
                            "frontendPortRangeStart": 50000,
                            "frontendPortRangeEnd": 50119,
                            "backendPort": 3389,
                            "protocol": "Tcp",
                            "idleTimeoutInMinutes": 4,
                            "enableFloatingIP": false,
                            "enableTcpReset": false,
                            "frontendIPConfiguration": {
                                "id": "[concat(resourceId('Microsoft.Network/loadBalancers', parameters('loadBalancers_loadbalancer_name')), '/frontendIPConfigurations/LoadBalancerFrontEnd')]"
                            }
                        }
                    }
                ]
            }
        },
        {
            "type": "Microsoft.Compute/virtualMachineScaleSets",
            "apiVersion": "2022-03-01",
            "name": "[parameters('virtualMachineScaleSets_vmss001_name')]",
            "location": "northeurope",
            "dependsOn": [
                "[resourceId('Microsoft.Network/networkSecurityGroups', parameters('networkSecurityGroups_basicNsgscalesetgroup_vnet_nic01_name'))]",
                "[resourceId('Microsoft.Network/virtualNetworks/subnets', parameters('virtualNetworks_scalesetgroup_vnet_name'), 'default')]",
                "[resourceId('Microsoft.Network/loadBalancers/backendAddressPools', parameters('loadBalancers_loadbalancer_name'), 'vmss001backendpool')]",
                "[resourceId('Microsoft.Network/loadBalancers', parameters('loadBalancers_loadbalancer_name'))]"
            ],
            "sku": {
                "name": "Standard_D2s_v3",
                "tier": "Standard",
                "capacity": 1
            },
            "properties": {
                "singlePlacementGroup": false,
                "orchestrationMode": "Uniform",
                "upgradePolicy": {
                    "mode": "Manual"
                },
                "scaleInPolicy": {
                    "rules": [
                        "Default"
                    ]
                },
                "virtualMachineProfile": {
                    "osProfile": {
                        "computerNamePrefix": "[concat(parameters('virtualMachineScaleSets_vmss001_name'), 'le')]",
                        "adminUsername": "olamideilori",
                        "windowsConfiguration": {
                            "provisionVMAgent": true,
                            "enableAutomaticUpdates": true
                        },
                        "secrets": [],
                        "allowExtensionOperations": true
                    },
                    "storageProfile": {
                        "osDisk": {
                            "osType": "Windows",
                            "createOption": "FromImage",
                            "caching": "ReadWrite",
                            "managedDisk": {
                                "storageAccountType": "Premium_LRS"
                            },
                            "diskSizeGB": 127
                        },
                        "imageReference": {
                            "publisher": "MicrosoftWindowsServer",
                            "offer": "WindowsServer",
                            "sku": "2019-datacenter-gensecond",
                            "version": "latest"
                        }
                    },
                    "networkProfile": {
                        "networkInterfaceConfigurations": [
                            {
                                "name": "scalesetgroup-vnet-nic01",
                                "properties": {
                                    "primary": true,
                                    "enableAcceleratedNetworking": true,
                                    "networkSecurityGroup": {
                                        "id": "[resourceId('Microsoft.Network/networkSecurityGroups', parameters('networkSecurityGroups_basicNsgscalesetgroup_vnet_nic01_name'))]"
                                    },
                                    "dnsSettings": {
                                        "dnsServers": []
                                    },
                                    "enableIPForwarding": false,
                                    "ipConfigurations": [
                                        {
                                            "name": "scalesetgroup-vnet-nic01-defaultIpConfiguration",
                                            "properties": {
                                                "primary": true,
                                                "subnet": {
                                                    "id": "[resourceId('Microsoft.Network/virtualNetworks/subnets', parameters('virtualNetworks_scalesetgroup_vnet_name'), 'default')]"
                                                },
                                                "privateIPAddressVersion": "IPv4",
                                                "loadBalancerBackendAddressPools": [
                                                    {
                                                        "id": "[resourceId('Microsoft.Network/loadBalancers/backendAddressPools', parameters('loadBalancers_loadbalancer_name'), concat(parameters('virtualMachineScaleSets_vmss001_name'), 'backendpool'))]"
                                                    }
                                                ],
                                                "loadBalancerInboundNatPools": [
                                                    {
                                                        "id": "[concat(resourceId('Microsoft.Network/loadBalancers', parameters('loadBalancers_loadbalancer_name')), '/inboundNatPools/natpool')]"
                                                    }
                                                ]
                                            }
                                        }
                                    ]
                                }
                            }
                        ]
                    },
                    "diagnosticsProfile": {
                        "bootDiagnostics": {
                            "enabled": true
                        }
                    },
                    "extensionProfile": {
                        "extensions": [
                            {
                                "name": "CustomScriptExtension",
                                "properties": {
                                    "autoUpgradeMinorVersion": true,
                                    "publisher": "Microsoft.Compute",
                                    "type": "CustomScriptExtension",
                                    "typeHandlerVersion": "1.9",
                                    "settings": {}
                                }
                            }
                        ]
                    }
                },
                "overprovision": false,
                "doNotRunExtensionsOnOverprovisionedVMs": false,
                "platformFaultDomainCount": 1
            }
        },
        {
            "type": "Microsoft.Compute/virtualMachineScaleSets/virtualMachines",
            "apiVersion": "2022-03-01",
            "name": "[concat(parameters('virtualMachineScaleSets_vmss001_name'), '/0')]",
            "location": "northeurope",
            "dependsOn": [
                "[resourceId('Microsoft.Compute/virtualMachineScaleSets', parameters('virtualMachineScaleSets_vmss001_name'))]",
                "[resourceId('Microsoft.Network/networkSecurityGroups', parameters('networkSecurityGroups_basicNsgscalesetgroup_vnet_nic01_name'))]",
                "[resourceId('Microsoft.Network/virtualNetworks/subnets', parameters('virtualNetworks_scalesetgroup_vnet_name'), 'default')]",
                "[resourceId('Microsoft.Network/loadBalancers/backendAddressPools', parameters('loadBalancers_loadbalancer_name'), 'vmss001backendpool')]",
                "[resourceId('Microsoft.Network/loadBalancers', parameters('loadBalancers_loadbalancer_name'))]"
            ],
            "sku": {
                "name": "Standard_D2s_v3",
                "tier": "Standard"
            },
            "properties": {
                "networkProfileConfiguration": {
                    "networkInterfaceConfigurations": [
                        {
                            "name": "scalesetgroup-vnet-nic01",
                            "properties": {
                                "primary": true,
                                "enableAcceleratedNetworking": true,
                                "networkSecurityGroup": {
                                    "id": "[resourceId('Microsoft.Network/networkSecurityGroups', parameters('networkSecurityGroups_basicNsgscalesetgroup_vnet_nic01_name'))]"
                                },
                                "dnsSettings": {
                                    "dnsServers": []
                                },
                                "enableIPForwarding": false,
                                "ipConfigurations": [
                                    {
                                        "name": "scalesetgroup-vnet-nic01-defaultIpConfiguration",
                                        "properties": {
                                            "primary": true,
                                            "subnet": {
                                                "id": "[resourceId('Microsoft.Network/virtualNetworks/subnets', parameters('virtualNetworks_scalesetgroup_vnet_name'), 'default')]"
                                            },
                                            "privateIPAddressVersion": "IPv4",
                                            "loadBalancerBackendAddressPools": [
                                                {
                                                    "id": "[resourceId('Microsoft.Network/loadBalancers/backendAddressPools', parameters('loadBalancers_loadbalancer_name'), 'vmss001backendpool')]"
                                                }
                                            ],
                                            "loadBalancerInboundNatPools": [
                                                {
                                                    "id": "[concat(resourceId('Microsoft.Network/loadBalancers', parameters('loadBalancers_loadbalancer_name')), '/inboundNatPools/natpool')]"
                                                }
                                            ]
                                        }
                                    }
                                ]
                            }
                        }
                    ]
                },
                "hardwareProfile": {
                    "vmSize": "Standard_D2s_v3"
                },
                "storageProfile": {
                    "imageReference": {
                        "publisher": "MicrosoftWindowsServer",
                        "offer": "WindowsServer",
                        "sku": "2019-datacenter-gensecond",
                        "version": "latest"
                    },
                    "osDisk": {
                        "osType": "Windows",
                        "name": "vmss001_vmss001_0_disk1_c8dda029c9054abaaf6b9a0f15323de2",
                        "createOption": "FromImage",
                        "caching": "ReadWrite",
                        "managedDisk": {
                            "storageAccountType": "Premium_LRS",
                            "id": "[parameters('disks_vmss001_vmss001_0_disk1_c8dda029c9054abaaf6b9a0f15323de2_externalid')]"
                        },
                        "diskSizeGB": 127
                    },
                    "dataDisks": []
                },
                "osProfile": {
                    "computerName": "vmss001le000000",
                    "adminUsername": "olamideilori",
                    "windowsConfiguration": {
                        "provisionVMAgent": true,
                        "enableAutomaticUpdates": true
                    },
                    "secrets": [],
                    "allowExtensionOperations": true,
                    "requireGuestProvisionSignal": true
                },
                "networkProfile": {
                    "networkInterfaces": [
                        {
                            "id": "[concat(resourceId('Microsoft.Compute/virtualMachineScaleSets/virtualMachines', parameters('virtualMachineScaleSets_vmss001_name'), '0'), '/networkInterfaces/scalesetgroup-vnet-nic01')]"
                        }
                    ]
                },
                "diagnosticsProfile": {
                    "bootDiagnostics": {
                        "enabled": true
                    }
                }
            }
        }
    ]
}