{
    "$schema": "https://schema.management.azure.com/schemas/2015-01-01/deploymentParameters.json#",
    "contentVersion": "1.0.0.0",
    "parameters": {
        "subscriptionId": {
            "value": "1e950dd0-77af-4a6c-bf38-73cf98cf18f4"
        },
        "name": {
            "value": "olamideilori"
        },
        "location": {
            "value": "North Europe"
        },
        "hostingPlanName": {
            "value": "ASP-appgrp-93fd"
        },
        "serverFarmResourceGroup": {
            "value": "app-grp"
        },
        "alwaysOn": {
            "value": false
        },
        "ftpsState": {
            "value": "FtpsOnly"
        },
        "sku": {
            "value": "Free"
        },
        "skuCode": {
            "value": "F1"
        },
        "workerSize": {
            "value": "0"
        },
        "workerSizeId": {
            "value": "0"
        },
        "numberOfWorkers": {
            "value": "1"
        },
        "currentStack": {
            "value": "dotnetcore"
        },
        "phpVersion": {
            "value": "OFF"
        },
        "errorLink": {
            "value": "https://olamideilori.scm.azurewebsites.net/detectors?type=tools&name=eventviewer"
        }
    }
}