{
    "$schema": "https://schema.management.azure.com/schemas/2015-01-01/deploymentParameters.json#",
    "contentVersion": "1.0.0.0",
    "parameters": {
        "sites_olamideilori_name": {
            "value": null
        },
        "sites_olamidevincentilori_name": {
            "value": null
        },
        "serverfarms_ASP_appgrp_93fd_name": {
            "value": null
        },
        "applicationGateways_app_gw_name": {
            "value": null
        },
        "virtualNetworks_app_network_name": {
            "value": null
        },
        "publicIPAddresses_app_frontend_name": {
            "value": null
        },
        "virtualNetworks_app_gatewat_network_name": {
            "value": null
        },
        "publicIPAddresses_app_gateway_public_ip_name": {
            "value": null
        },
        "ApplicationGatewayWebApplicationFirewallPolicies_webapp_name": {
            "value": null
        }
    }
}