{
    "$schema": "https://schema.management.azure.com/schemas/2019-04-01/deploymentTemplate.json#",
    "contentVersion": "1.0.0.0",
    "parameters": {
        "sites_olamideilori_name": {
            "defaultValue": "olamideilori",
            "type": "String"
        },
        "sites_olamidevincentilori_name": {
            "defaultValue": "olamidevincentilori",
            "type": "String"
        },
        "serverfarms_ASP_appgrp_93fd_name": {
            "defaultValue": "ASP-appgrp-93fd",
            "type": "String"
        },
        "applicationGateways_app_gw_name": {
            "defaultValue": "app-gw",
            "type": "String"
        },
        "virtualNetworks_app_network_name": {
            "defaultValue": "app-network",
            "type": "String"
        },
        "publicIPAddresses_app_frontend_name": {
            "defaultValue": "app-frontend",
            "type": "String"
        },
        "virtualNetworks_app_gatewat_network_name": {
            "defaultValue": "app-gatewat-network",
            "type": "String"
        },
        "publicIPAddresses_app_gateway_public_ip_name": {
            "defaultValue": "app-gateway-public-ip",
            "type": "String"
        },
        "ApplicationGatewayWebApplicationFirewallPolicies_webapp_name": {
            "defaultValue": "webapp",
            "type": "String"
        }
    },
    "variables": {},
    "resources": [
        {
            "type": "Microsoft.Network/ApplicationGatewayWebApplicationFirewallPolicies",
            "apiVersion": "2022-01-01",
            "name": "[parameters('ApplicationGatewayWebApplicationFirewallPolicies_webapp_name')]",
            "location": "northeurope",
            "properties": {
                "customRules": [
                    {
                        "name": "rule01",
                        "priority": 100,
                        "ruleType": "MatchRule",
                        "action": "Block",
                        "matchConditions": [
                            {
                                "matchVariables": [
                                    {
                                        "variableName": "RemoteAddr"
                                    }
                                ],
                                "operator": "IPMatch",
                                "negationConditon": false,
                                "matchValues": [
                                    "102.89.34.160"
                                ],
                                "transforms": []
                            }
                        ]
                    }
                ],
                "policySettings": {
                    "requestBodyCheck": true,
                    "maxRequestBodySizeInKb": 128,
                    "fileUploadLimitInMb": 100,
                    "state": "Enabled",
                    "mode": "Prevention"
                },
                "managedRules": {
                    "managedRuleSets": [
                        {
                            "ruleSetType": "OWASP",
                            "ruleSetVersion": "3.1",
                            "ruleGroupOverrides": []
                        }
                    ],
                    "exclusions": []
                }
            }
        },
        {
            "type": "Microsoft.Network/publicIPAddresses",
            "apiVersion": "2022-01-01",
            "name": "[parameters('publicIPAddresses_app_frontend_name')]",
            "location": "northeurope",
            "sku": {
                "name": "Standard",
                "tier": "Regional"
            },
            "properties": {
                "ipAddress": "20.123.8.174",
                "publicIPAddressVersion": "IPv4",
                "publicIPAllocationMethod": "Static",
                "idleTimeoutInMinutes": 4,
                "ipTags": []
            }
        },
        {
            "type": "Microsoft.Network/publicIPAddresses",
            "apiVersion": "2022-01-01",
            "name": "[parameters('publicIPAddresses_app_gateway_public_ip_name')]",
            "location": "northeurope",
            "sku": {
                "name": "Standard",
                "tier": "Regional"
            },
            "properties": {
                "ipAddress": "20.223.136.108",
                "publicIPAddressVersion": "IPv4",
                "publicIPAllocationMethod": "Static",
                "idleTimeoutInMinutes": 4,
                "ipTags": []
            }
        },
        {
            "type": "Microsoft.Web/serverfarms",
            "apiVersion": "2022-03-01",
            "name": "[parameters('serverfarms_ASP_appgrp_93fd_name')]",
            "location": "North Europe",
            "sku": {
                "name": "B1",
                "tier": "Basic",
                "size": "B1",
                "family": "B",
                "capacity": 1
            },
            "kind": "app",
            "properties": {
                "perSiteScaling": false,
                "elasticScaleEnabled": false,
                "maximumElasticWorkerCount": 1,
                "isSpot": false,
                "reserved": false,
                "isXenon": false,
                "hyperV": false,
                "targetWorkerCount": 0,
                "targetWorkerSizeId": 0,
                "zoneRedundant": false
            }
        },
        {
            "type": "Microsoft.Network/virtualNetworks",
            "apiVersion": "2022-01-01",
            "name": "[parameters('virtualNetworks_app_gatewat_network_name')]",
            "location": "northeurope",
            "dependsOn": [
                "[resourceId('Microsoft.Network/virtualNetworks/subnets', parameters('virtualNetworks_app_gatewat_network_name'), 'default')]"
            ],
            "properties": {
                "addressSpace": {
                    "addressPrefixes": [
                        "10.0.0.0/16"
                    ]
                },
                "subnets": [
                    {
                        "name": "default",
                        "id": "[resourceId('Microsoft.Network/virtualNetworks/subnets', parameters('virtualNetworks_app_gatewat_network_name'), 'default')]",
                        "properties": {
                            "addressPrefix": "10.0.0.0/24",
                            "delegations": [],
                            "privateEndpointNetworkPolicies": "Disabled",
                            "privateLinkServiceNetworkPolicies": "Enabled"
                        },
                        "type": "Microsoft.Network/virtualNetworks/subnets"
                    }
                ],
                "virtualNetworkPeerings": [],
                "enableDdosProtection": false
            }
        },
        {
            "type": "Microsoft.Network/virtualNetworks/subnets",
            "apiVersion": "2022-01-01",
            "name": "[concat(parameters('virtualNetworks_app_gatewat_network_name'), '/default')]",
            "dependsOn": [
                "[resourceId('Microsoft.Network/virtualNetworks', parameters('virtualNetworks_app_gatewat_network_name'))]"
            ],
            "properties": {
                "addressPrefix": "10.0.0.0/24",
                "delegations": [],
                "privateEndpointNetworkPolicies": "Disabled",
                "privateLinkServiceNetworkPolicies": "Enabled"
            }
        },
        {
            "type": "Microsoft.Web/sites",
            "apiVersion": "2022-03-01",
            "name": "[parameters('sites_olamideilori_name')]",
            "location": "North Europe",
            "dependsOn": [
                "[resourceId('Microsoft.Web/serverfarms', parameters('serverfarms_ASP_appgrp_93fd_name'))]"
            ],
            "kind": "app",
            "properties": {
                "enabled": true,
                "hostNameSslStates": [
                    {
                        "name": "[concat(parameters('sites_olamideilori_name'), '.azurewebsites.net')]",
                        "sslState": "Disabled",
                        "hostType": "Standard"
                    },
                    {
                        "name": "[concat(parameters('sites_olamideilori_name'), '.scm.azurewebsites.net')]",
                        "sslState": "Disabled",
                        "hostType": "Repository"
                    }
                ],
                "serverFarmId": "[resourceId('Microsoft.Web/serverfarms', parameters('serverfarms_ASP_appgrp_93fd_name'))]",
                "reserved": false,
                "isXenon": false,
                "hyperV": false,
                "vnetRouteAllEnabled": false,
                "vnetImagePullEnabled": false,
                "vnetContentShareEnabled": false,
                "siteConfig": {
                    "numberOfWorkers": 1,
                    "acrUseManagedIdentityCreds": false,
                    "alwaysOn": false,
                    "http20Enabled": false,
                    "functionAppScaleLimit": 0,
                    "minimumElasticInstanceCount": 0
                },
                "scmSiteAlsoStopped": false,
                "clientAffinityEnabled": true,
                "clientCertEnabled": false,
                "clientCertMode": "Required",
                "hostNamesDisabled": false,
                "customDomainVerificationId": "EAB5410E1ACAA10312E51D48541E2F5AA6A3F501DADB3B8AB9E3A3AFAF9760D2",
                "containerSize": 0,
                "dailyMemoryTimeQuota": 0,
                "httpsOnly": true,
                "redundancyMode": "None",
                "storageAccountRequired": false,
                "keyVaultReferenceIdentity": "SystemAssigned"
            }
        },
        {
            "type": "Microsoft.Web/sites",
            "apiVersion": "2022-03-01",
            "name": "[parameters('sites_olamidevincentilori_name')]",
            "location": "North Europe",
            "dependsOn": [
                "[resourceId('Microsoft.Web/serverfarms', parameters('serverfarms_ASP_appgrp_93fd_name'))]"
            ],
            "kind": "app",
            "properties": {
                "enabled": true,
                "hostNameSslStates": [
                    {
                        "name": "[concat(parameters('sites_olamidevincentilori_name'), '.azurewebsites.net')]",
                        "sslState": "Disabled",
                        "hostType": "Standard"
                    },
                    {
                        "name": "[concat(parameters('sites_olamidevincentilori_name'), '.scm.azurewebsites.net')]",
                        "sslState": "Disabled",
                        "hostType": "Repository"
                    }
                ],
                "serverFarmId": "[resourceId('Microsoft.Web/serverfarms', parameters('serverfarms_ASP_appgrp_93fd_name'))]",
                "reserved": false,
                "isXenon": false,
                "hyperV": false,
                "vnetRouteAllEnabled": false,
                "vnetImagePullEnabled": false,
                "vnetContentShareEnabled": false,
                "siteConfig": {
                    "numberOfWorkers": 1,
                    "acrUseManagedIdentityCreds": false,
                    "alwaysOn": false,
                    "http20Enabled": false,
                    "functionAppScaleLimit": 0,
                    "minimumElasticInstanceCount": 0
                },
                "scmSiteAlsoStopped": false,
                "clientAffinityEnabled": true,
                "clientCertEnabled": false,
                "clientCertMode": "Required",
                "hostNamesDisabled": false,
                "customDomainVerificationId": "EAB5410E1ACAA10312E51D48541E2F5AA6A3F501DADB3B8AB9E3A3AFAF9760D2",
                "containerSize": 0,
                "dailyMemoryTimeQuota": 0,
                "httpsOnly": true,
                "redundancyMode": "None",
                "storageAccountRequired": false,
                "keyVaultReferenceIdentity": "SystemAssigned"
            }
        },
        {
            "type": "Microsoft.Web/sites/basicPublishingCredentialsPolicies",
            "apiVersion": "2022-03-01",
            "name": "[concat(parameters('sites_olamideilori_name'), '/ftp')]",
            "location": "North Europe",
            "dependsOn": [
                "[resourceId('Microsoft.Web/sites', parameters('sites_olamideilori_name'))]"
            ],
            "properties": {
                "allow": true
            }
        },
        {
            "type": "Microsoft.Web/sites/basicPublishingCredentialsPolicies",
            "apiVersion": "2022-03-01",
            "name": "[concat(parameters('sites_olamidevincentilori_name'), '/ftp')]",
            "location": "North Europe",
            "dependsOn": [
                "[resourceId('Microsoft.Web/sites', parameters('sites_olamidevincentilori_name'))]"
            ],
            "properties": {
                "allow": true
            }
        },
        {
            "type": "Microsoft.Web/sites/basicPublishingCredentialsPolicies",
            "apiVersion": "2022-03-01",
            "name": "[concat(parameters('sites_olamideilori_name'), '/scm')]",
            "location": "North Europe",
            "dependsOn": [
                "[resourceId('Microsoft.Web/sites', parameters('sites_olamideilori_name'))]"
            ],
            "properties": {
                "allow": true
            }
        },
        {
            "type": "Microsoft.Web/sites/basicPublishingCredentialsPolicies",
            "apiVersion": "2022-03-01",
            "name": "[concat(parameters('sites_olamidevincentilori_name'), '/scm')]",
            "location": "North Europe",
            "dependsOn": [
                "[resourceId('Microsoft.Web/sites', parameters('sites_olamidevincentilori_name'))]"
            ],
            "properties": {
                "allow": true
            }
        },
        {
            "type": "Microsoft.Web/sites/config",
            "apiVersion": "2022-03-01",
            "name": "[concat(parameters('sites_olamideilori_name'), '/web')]",
            "location": "North Europe",
            "dependsOn": [
                "[resourceId('Microsoft.Web/sites', parameters('sites_olamideilori_name'))]"
            ],
            "properties": {
                "numberOfWorkers": 1,
                "defaultDocuments": [
                    "Default.htm",
                    "Default.html",
                    "Default.asp",
                    "index.htm",
                    "index.html",
                    "iisstart.htm",
                    "default.aspx",
                    "index.php",
                    "hostingstart.html"
                ],
                "netFrameworkVersion": "v4.0",
                "requestTracingEnabled": false,
                "remoteDebuggingEnabled": false,
                "remoteDebuggingVersion": "VS2019",
                "httpLoggingEnabled": false,
                "acrUseManagedIdentityCreds": false,
                "logsDirectorySizeLimit": 35,
                "detailedErrorLoggingEnabled": false,
                "publishingUsername": "$olamideilori",
                "scmType": "None",
                "use32BitWorkerProcess": true,
                "webSocketsEnabled": false,
                "alwaysOn": false,
                "managedPipelineMode": "Integrated",
                "virtualApplications": [
                    {
                        "virtualPath": "/",
                        "physicalPath": "site\\wwwroot",
                        "preloadEnabled": false
                    }
                ],
                "loadBalancing": "LeastRequests",
                "experiments": {
                    "rampUpRules": []
                },
                "autoHealEnabled": false,
                "vnetRouteAllEnabled": false,
                "vnetPrivatePortsCount": 0,
                "localMySqlEnabled": false,
                "ipSecurityRestrictions": [
                    {
                        "ipAddress": "Any",
                        "action": "Allow",
                        "priority": 2147483647,
                        "name": "Allow all",
                        "description": "Allow all access"
                    }
                ],
                "scmIpSecurityRestrictions": [
                    {
                        "ipAddress": "Any",
                        "action": "Allow",
                        "priority": 2147483647,
                        "name": "Allow all",
                        "description": "Allow all access"
                    }
                ],
                "scmIpSecurityRestrictionsUseMain": false,
                "http20Enabled": false,
                "minTlsVersion": "1.2",
                "scmMinTlsVersion": "1.2",
                "ftpsState": "FtpsOnly",
                "preWarmedInstanceCount": 0,
                "functionsRuntimeScaleMonitoringEnabled": false,
                "minimumElasticInstanceCount": 0,
                "azureStorageAccounts": {}
            }
        },
        {
            "type": "Microsoft.Web/sites/config",
            "apiVersion": "2022-03-01",
            "name": "[concat(parameters('sites_olamidevincentilori_name'), '/web')]",
            "location": "North Europe",
            "dependsOn": [
                "[resourceId('Microsoft.Web/sites', parameters('sites_olamidevincentilori_name'))]"
            ],
            "properties": {
                "numberOfWorkers": 1,
                "defaultDocuments": [
                    "Default.htm",
                    "Default.html",
                    "Default.asp",
                    "index.htm",
                    "index.html",
                    "iisstart.htm",
                    "default.aspx",
                    "index.php",
                    "hostingstart.html"
                ],
                "netFrameworkVersion": "v4.0",
                "requestTracingEnabled": false,
                "remoteDebuggingEnabled": false,
                "remoteDebuggingVersion": "VS2019",
                "httpLoggingEnabled": false,
                "acrUseManagedIdentityCreds": false,
                "logsDirectorySizeLimit": 35,
                "detailedErrorLoggingEnabled": false,
                "publishingUsername": "$olamidevincentilori",
                "scmType": "None",
                "use32BitWorkerProcess": true,
                "webSocketsEnabled": false,
                "alwaysOn": false,
                "managedPipelineMode": "Integrated",
                "virtualApplications": [
                    {
                        "virtualPath": "/",
                        "physicalPath": "site\\wwwroot",
                        "preloadEnabled": false
                    }
                ],
                "loadBalancing": "LeastRequests",
                "experiments": {
                    "rampUpRules": []
                },
                "autoHealEnabled": false,
                "vnetRouteAllEnabled": false,
                "vnetPrivatePortsCount": 0,
                "localMySqlEnabled": false,
                "ipSecurityRestrictions": [
                    {
                        "ipAddress": "Any",
                        "action": "Allow",
                        "priority": 2147483647,
                        "name": "Allow all",
                        "description": "Allow all access"
                    }
                ],
                "scmIpSecurityRestrictions": [
                    {
                        "ipAddress": "Any",
                        "action": "Allow",
                        "priority": 2147483647,
                        "name": "Allow all",
                        "description": "Allow all access"
                    }
                ],
                "scmIpSecurityRestrictionsUseMain": false,
                "http20Enabled": false,
                "minTlsVersion": "1.2",
                "scmMinTlsVersion": "1.2",
                "ftpsState": "FtpsOnly",
                "preWarmedInstanceCount": 0,
                "functionsRuntimeScaleMonitoringEnabled": false,
                "minimumElasticInstanceCount": 0,
                "azureStorageAccounts": {}
            }
        },
        {
            "type": "Microsoft.Web/sites/hostNameBindings",
            "apiVersion": "2022-03-01",
            "name": "[concat(parameters('sites_olamideilori_name'), '/', parameters('sites_olamideilori_name'), '.azurewebsites.net')]",
            "location": "North Europe",
            "dependsOn": [
                "[resourceId('Microsoft.Web/sites', parameters('sites_olamideilori_name'))]"
            ],
            "properties": {
                "siteName": "olamideilori",
                "hostNameType": "Verified"
            }
        },
        {
            "type": "Microsoft.Web/sites/hostNameBindings",
            "apiVersion": "2022-03-01",
            "name": "[concat(parameters('sites_olamidevincentilori_name'), '/', parameters('sites_olamidevincentilori_name'), '.azurewebsites.net')]",
            "location": "North Europe",
            "dependsOn": [
                "[resourceId('Microsoft.Web/sites', parameters('sites_olamidevincentilori_name'))]"
            ],
            "properties": {
                "siteName": "olamidevincentilori",
                "hostNameType": "Verified"
            }
        },
        {
            "type": "Microsoft.Web/sites/snapshots",
            "apiVersion": "2015-08-01",
            "name": "[concat(parameters('sites_olamideilori_name'), '/2022-11-26T21_58_17_4717114')]",
            "dependsOn": [
                "[resourceId('Microsoft.Web/sites', parameters('sites_olamideilori_name'))]"
            ]
        },
        {
            "type": "Microsoft.Web/sites/snapshots",
            "apiVersion": "2015-08-01",
            "name": "[concat(parameters('sites_olamidevincentilori_name'), '/2022-11-26T21_58_17_4717114')]",
            "dependsOn": [
                "[resourceId('Microsoft.Web/sites', parameters('sites_olamidevincentilori_name'))]"
            ]
        },
        {
            "type": "Microsoft.Network/virtualNetworks",
            "apiVersion": "2022-01-01",
            "name": "[parameters('virtualNetworks_app_network_name')]",
            "location": "northeurope",
            "dependsOn": [
                "[resourceId('Microsoft.Network/virtualNetworks/subnets', parameters('virtualNetworks_app_network_name'), 'webappSubnet')]",
                "[resourceId('Microsoft.Network/applicationGateways', parameters('applicationGateways_app_gw_name'))]"
            ],
            "properties": {
                "addressSpace": {
                    "addressPrefixes": [
                        "10.1.0.0/16"
                    ]
                },
                "subnets": [
                    {
                        "name": "webappSubnet",
                        "id": "[resourceId('Microsoft.Network/virtualNetworks/subnets', parameters('virtualNetworks_app_network_name'), 'webappSubnet')]",
                        "properties": {
                            "addressPrefix": "10.1.0.0/24",
                            "applicationGatewayIPConfigurations": [
                                {
                                    "id": "[concat(resourceId('Microsoft.Network/applicationGateways', parameters('applicationGateways_app_gw_name')), '/gatewayIPConfigurations/appGatewayIpConfig')]"
                                }
                            ],
                            "delegations": [],
                            "privateEndpointNetworkPolicies": "Disabled",
                            "privateLinkServiceNetworkPolicies": "Enabled"
                        },
                        "type": "Microsoft.Network/virtualNetworks/subnets"
                    }
                ],
                "virtualNetworkPeerings": [],
                "enableDdosProtection": false
            }
        },
        {
            "type": "Microsoft.Network/virtualNetworks/subnets",
            "apiVersion": "2022-01-01",
            "name": "[concat(parameters('virtualNetworks_app_network_name'), '/webappSubnet')]",
            "dependsOn": [
                "[resourceId('Microsoft.Network/virtualNetworks', parameters('virtualNetworks_app_network_name'))]",
                "[resourceId('Microsoft.Network/applicationGateways', parameters('applicationGateways_app_gw_name'))]"
            ],
            "properties": {
                "addressPrefix": "10.1.0.0/24",
                "applicationGatewayIPConfigurations": [
                    {
                        "id": "[concat(resourceId('Microsoft.Network/applicationGateways', parameters('applicationGateways_app_gw_name')), '/gatewayIPConfigurations/appGatewayIpConfig')]"
                    }
                ],
                "delegations": [],
                "privateEndpointNetworkPolicies": "Disabled",
                "privateLinkServiceNetworkPolicies": "Enabled"
            }
        },
        {
            "type": "Microsoft.Network/applicationGateways",
            "apiVersion": "2022-01-01",
            "name": "[parameters('applicationGateways_app_gw_name')]",
            "location": "northeurope",
            "dependsOn": [
                "[resourceId('Microsoft.Network/virtualNetworks/subnets', parameters('virtualNetworks_app_network_name'), 'webappSubnet')]",
                "[resourceId('Microsoft.Network/publicIPAddresses', parameters('publicIPAddresses_app_frontend_name'))]",
                "[resourceId('Microsoft.Network/ApplicationGatewayWebApplicationFirewallPolicies', parameters('ApplicationGatewayWebApplicationFirewallPolicies_webapp_name'))]"
            ],
            "properties": {
                "sku": {
                    "name": "WAF_v2",
                    "tier": "WAF_v2",
                    "capacity": 1
                },
                "gatewayIPConfigurations": [
                    {
                        "name": "appGatewayIpConfig",
                        "id": "[concat(resourceId('Microsoft.Network/applicationGateways', parameters('applicationGateways_app_gw_name')), '/gatewayIPConfigurations/appGatewayIpConfig')]",
                        "properties": {
                            "subnet": {
                                "id": "[resourceId('Microsoft.Network/virtualNetworks/subnets', parameters('virtualNetworks_app_network_name'), 'webappSubnet')]"
                            }
                        }
                    }
                ],
                "sslCertificates": [],
                "trustedRootCertificates": [],
                "trustedClientCertificates": [],
                "sslProfiles": [],
                "frontendIPConfigurations": [
                    {
                        "name": "appGwPublicFrontendIp",
                        "id": "[concat(resourceId('Microsoft.Network/applicationGateways', parameters('applicationGateways_app_gw_name')), '/frontendIPConfigurations/appGwPublicFrontendIp')]",
                        "properties": {
                            "privateIPAllocationMethod": "Dynamic",
                            "publicIPAddress": {
                                "id": "[resourceId('Microsoft.Network/publicIPAddresses', parameters('publicIPAddresses_app_frontend_name'))]"
                            }
                        }
                    }
                ],
                "frontendPorts": [
                    {
                        "name": "port_80",
                        "id": "[concat(resourceId('Microsoft.Network/applicationGateways', parameters('applicationGateways_app_gw_name')), '/frontendPorts/port_80')]",
                        "properties": {
                            "port": 80
                        }
                    }
                ],
                "backendAddressPools": [
                    {
                        "name": "images",
                        "id": "[concat(resourceId('Microsoft.Network/applicationGateways', parameters('applicationGateways_app_gw_name')), '/backendAddressPools/images')]",
                        "properties": {
                            "backendAddresses": [
                                {
                                    "fqdn": "olamideilori.azurewebsites.net"
                                }
                            ]
                        }
                    },
                    {
                        "name": "videos",
                        "id": "[concat(resourceId('Microsoft.Network/applicationGateways', parameters('applicationGateways_app_gw_name')), '/backendAddressPools/videos')]",
                        "properties": {
                            "backendAddresses": [
                                {
                                    "fqdn": "olamidevincentilori.azurewebsites.net"
                                }
                            ]
                        }
                    }
                ],
                "loadDistributionPolicies": [],
                "backendHttpSettingsCollection": [
                    {
                        "name": "settings",
                        "id": "[concat(resourceId('Microsoft.Network/applicationGateways', parameters('applicationGateways_app_gw_name')), '/backendHttpSettingsCollection/settings')]",
                        "properties": {
                            "port": 80,
                            "protocol": "Http",
                            "cookieBasedAffinity": "Disabled",
                            "pickHostNameFromBackendAddress": true,
                            "requestTimeout": 20
                        }
                    }
                ],
                "backendSettingsCollection": [],
                "httpListeners": [
                    {
                        "name": "listener01",
                        "id": "[concat(resourceId('Microsoft.Network/applicationGateways', parameters('applicationGateways_app_gw_name')), '/httpListeners/listener01')]",
                        "properties": {
                            "frontendIPConfiguration": {
                                "id": "[concat(resourceId('Microsoft.Network/applicationGateways', parameters('applicationGateways_app_gw_name')), '/frontendIPConfigurations/appGwPublicFrontendIp')]"
                            },
                            "frontendPort": {
                                "id": "[concat(resourceId('Microsoft.Network/applicationGateways', parameters('applicationGateways_app_gw_name')), '/frontendPorts/port_80')]"
                            },
                            "protocol": "Http",
                            "hostNames": [],
                            "requireServerNameIndication": false
                        }
                    }
                ],
                "listeners": [],
                "urlPathMaps": [
                    {
                        "name": "ruleA",
                        "id": "[concat(resourceId('Microsoft.Network/applicationGateways', parameters('applicationGateways_app_gw_name')), '/urlPathMaps/ruleA')]",
                        "properties": {
                            "defaultBackendAddressPool": {
                                "id": "[concat(resourceId('Microsoft.Network/applicationGateways', parameters('applicationGateways_app_gw_name')), '/backendAddressPools/images')]"
                            },
                            "defaultBackendHttpSettings": {
                                "id": "[concat(resourceId('Microsoft.Network/applicationGateways', parameters('applicationGateways_app_gw_name')), '/backendHttpSettingsCollection/settings')]"
                            },
                            "pathRules": [
                                {
                                    "name": "images",
                                    "id": "[concat(resourceId('Microsoft.Network/applicationGateways', parameters('applicationGateways_app_gw_name')), '/urlPathMaps/ruleA/pathRules/images')]",
                                    "properties": {
                                        "paths": [
                                            "/images/*"
                                        ],
                                        "backendAddressPool": {
                                            "id": "[concat(resourceId('Microsoft.Network/applicationGateways', parameters('applicationGateways_app_gw_name')), '/backendAddressPools/images')]"
                                        },
                                        "backendHttpSettings": {
                                            "id": "[concat(resourceId('Microsoft.Network/applicationGateways', parameters('applicationGateways_app_gw_name')), '/backendHttpSettingsCollection/settings')]"
                                        }
                                    }
                                },
                                {
                                    "name": "videos",
                                    "id": "[concat(resourceId('Microsoft.Network/applicationGateways', parameters('applicationGateways_app_gw_name')), '/urlPathMaps/ruleA/pathRules/videos')]",
                                    "properties": {
                                        "paths": [
                                            "/videos/*"
                                        ],
                                        "backendAddressPool": {
                                            "id": "[concat(resourceId('Microsoft.Network/applicationGateways', parameters('applicationGateways_app_gw_name')), '/backendAddressPools/videos')]"
                                        },
                                        "backendHttpSettings": {
                                            "id": "[concat(resourceId('Microsoft.Network/applicationGateways', parameters('applicationGateways_app_gw_name')), '/backendHttpSettingsCollection/settings')]"
                                        }
                                    }
                                }
                            ]
                        }
                    }
                ],
                "requestRoutingRules": [
                    {
                        "name": "ruleA",
                        "id": "[concat(resourceId('Microsoft.Network/applicationGateways', parameters('applicationGateways_app_gw_name')), '/requestRoutingRules/ruleA')]",
                        "properties": {
                            "ruleType": "PathBasedRouting",
                            "priority": 100,
                            "httpListener": {
                                "id": "[concat(resourceId('Microsoft.Network/applicationGateways', parameters('applicationGateways_app_gw_name')), '/httpListeners/listener01')]"
                            },
                            "urlPathMap": {
                                "id": "[concat(resourceId('Microsoft.Network/applicationGateways', parameters('applicationGateways_app_gw_name')), '/urlPathMaps/ruleA')]"
                            }
                        }
                    }
                ],
                "routingRules": [],
                "probes": [],
                "rewriteRuleSets": [],
                "redirectConfigurations": [],
                "privateLinkConfigurations": [],
                "webApplicationFirewallConfiguration": {
                    "enabled": false,
                    "firewallMode": "Detection",
                    "ruleSetType": "OWASP",
                    "ruleSetVersion": "3.0",
                    "disabledRuleGroups": [],
                    "exclusions": [],
                    "requestBodyCheck": true,
                    "maxRequestBodySizeInKb": 128,
                    "fileUploadLimitInMb": 100
                },
                "enableHttp2": false,
                "forceFirewallPolicyAssociation": true,
                "firewallPolicy": {
                    "id": "[resourceId('Microsoft.Network/ApplicationGatewayWebApplicationFirewallPolicies', parameters('ApplicationGatewayWebApplicationFirewallPolicies_webapp_name'))]"
                }
            }
        }
    ]
}