{
    "$schema": "https://schema.management.azure.com/schemas/2019-04-01/deploymentTemplate.json#",
    "contentVersion": "1.0.0.0",
    "parameters": {
        "virtualMachineScaleSets_vmss001_name": {
            "defaultValue": "vmss001",
            "type": "String"
        },
        "networkSecurityGroups_basicNsgscalesetgroup_vnet_nic01_externalid": {
            "defaultValue": "/subscriptions/1e950dd0-77af-4a6c-bf38-73cf98cf18f4/resourceGroups/scalesetgroup/providers/Microsoft.Network/networkSecurityGroups/basicNsgscalesetgroup-vnet-nic01",
            "type": "String"
        },
        "virtualNetworks_scalesetgroup_vnet_externalid": {
            "defaultValue": "/subscriptions/1e950dd0-77af-4a6c-bf38-73cf98cf18f4/resourceGroups/scalesetgroup/providers/Microsoft.Network/virtualNetworks/scalesetgroup-vnet",
            "type": "String"
        },
        "loadBalancers_loadbalancer_externalid": {
            "defaultValue": "/subscriptions/1e950dd0-77af-4a6c-bf38-73cf98cf18f4/resourceGroups/scalesetgroup/providers/Microsoft.Network/loadBalancers/loadbalancer",
            "type": "String"
        },
        "disks_vmss001_vmss001_0_disk1_c8dda029c9054abaaf6b9a0f15323de2_externalid": {
            "defaultValue": "/subscriptions/1e950dd0-77af-4a6c-bf38-73cf98cf18f4/resourceGroups/scalesetgroup/providers/Microsoft.Compute/disks/vmss001_vmss001_0_disk1_c8dda029c9054abaaf6b9a0f15323de2",
            "type": "String"
        }
    },
    "variables": {},
    "resources": [
        {
            "type": "Microsoft.Compute/virtualMachineScaleSets",
            "apiVersion": "2022-08-01",
            "name": "[parameters('virtualMachineScaleSets_vmss001_name')]",
            "location": "northeurope",
            "sku": {
                "name": "Standard_D2s_v3",
                "tier": "Standard",
                "capacity": 1
            },
            "properties": {
                "singlePlacementGroup": false,
                "orchestrationMode": "Uniform",
                "upgradePolicy": {
                    "mode": "Manual"
                },
                "scaleInPolicy": {
                    "rules": [
                        "Default"
                    ]
                },
                "virtualMachineProfile": {
                    "osProfile": {
                        "computerNamePrefix": "[concat(parameters('virtualMachineScaleSets_vmss001_name'), 'le')]",
                        "adminUsername": "olamideilori",
                        "windowsConfiguration": {
                            "provisionVMAgent": true,
                            "enableAutomaticUpdates": true,
                            "enableVMAgentPlatformUpdates": false
                        },
                        "secrets": [],
                        "allowExtensionOperations": true
                    },
                    "storageProfile": {
                        "osDisk": {
                            "osType": "Windows",
                            "createOption": "FromImage",
                            "caching": "ReadWrite",
                            "managedDisk": {
                                "storageAccountType": "Premium_LRS"
                            },
                            "diskSizeGB": 127
                        },
                        "imageReference": {
                            "publisher": "MicrosoftWindowsServer",
                            "offer": "WindowsServer",
                            "sku": "2019-datacenter-gensecond",
                            "version": "latest"
                        }
                    },
                    "networkProfile": {
                        "networkInterfaceConfigurations": [
                            {
                                "name": "scalesetgroup-vnet-nic01",
                                "properties": {
                                    "primary": true,
                                    "enableAcceleratedNetworking": true,
                                    "disableTcpStateTracking": false,
                                    "networkSecurityGroup": {
                                        "id": "[parameters('networkSecurityGroups_basicNsgscalesetgroup_vnet_nic01_externalid')]"
                                    },
                                    "dnsSettings": {
                                        "dnsServers": []
                                    },
                                    "enableIPForwarding": false,
                                    "ipConfigurations": [
                                        {
                                            "name": "scalesetgroup-vnet-nic01-defaultIpConfiguration",
                                            "properties": {
                                                "primary": true,
                                                "subnet": {
                                                    "id": "[concat(parameters('virtualNetworks_scalesetgroup_vnet_externalid'), '/subnets/default')]"
                                                },
                                                "privateIPAddressVersion": "IPv4",
                                                "loadBalancerBackendAddressPools": [
                                                    {
                                                        "id": "[concat(parameters('loadBalancers_loadbalancer_externalid'), concat('/backendAddressPools/', parameters('virtualMachineScaleSets_vmss001_name'), 'backendpool'))]"
                                                    }
                                                ],
                                                "loadBalancerInboundNatPools": [
                                                    {
                                                        "id": "[concat(parameters('loadBalancers_loadbalancer_externalid'), '/inboundNatPools/natpool')]"
                                                    }
                                                ]
                                            }
                                        }
                                    ]
                                }
                            }
                        ]
                    },
                    "diagnosticsProfile": {
                        "bootDiagnostics": {
                            "enabled": true
                        }
                    },
                    "extensionProfile": {
                        "extensions": []
                    }
                },
                "overprovision": false,
                "doNotRunExtensionsOnOverprovisionedVMs": false,
                "platformFaultDomainCount": 1
            }
        },
        {
            "type": "Microsoft.Compute/virtualMachineScaleSets/virtualMachines",
            "apiVersion": "2022-08-01",
            "name": "[concat(parameters('virtualMachineScaleSets_vmss001_name'), '/0')]",
            "location": "northeurope",
            "dependsOn": [
                "[resourceId('Microsoft.Compute/virtualMachineScaleSets', parameters('virtualMachineScaleSets_vmss001_name'))]"
            ],
            "sku": {
                "name": "Standard_D2s_v3",
                "tier": "Standard"
            },
            "properties": {
                "networkProfileConfiguration": {
                    "networkInterfaceConfigurations": [
                        {
                            "name": "scalesetgroup-vnet-nic01",
                            "properties": {
                                "primary": true,
                                "enableAcceleratedNetworking": true,
                                "disableTcpStateTracking": false,
                                "networkSecurityGroup": {
                                    "id": "[parameters('networkSecurityGroups_basicNsgscalesetgroup_vnet_nic01_externalid')]"
                                },
                                "dnsSettings": {
                                    "dnsServers": []
                                },
                                "enableIPForwarding": false,
                                "ipConfigurations": [
                                    {
                                        "name": "scalesetgroup-vnet-nic01-defaultIpConfiguration",
                                        "properties": {
                                            "primary": true,
                                            "subnet": {
                                                "id": "[concat(parameters('virtualNetworks_scalesetgroup_vnet_externalid'), '/subnets/default')]"
                                            },
                                            "privateIPAddressVersion": "IPv4",
                                            "loadBalancerBackendAddressPools": [
                                                {
                                                    "id": "[concat(parameters('loadBalancers_loadbalancer_externalid'), '/backendAddressPools/vmss001backendpool')]"
                                                }
                                            ],
                                            "loadBalancerInboundNatPools": [
                                                {
                                                    "id": "[concat(parameters('loadBalancers_loadbalancer_externalid'), '/inboundNatPools/natpool')]"
                                                }
                                            ]
                                        }
                                    }
                                ]
                            }
                        }
                    ]
                },
                "hardwareProfile": {
                    "vmSize": "Standard_D2s_v3"
                },
                "storageProfile": {
                    "imageReference": {
                        "publisher": "MicrosoftWindowsServer",
                        "offer": "WindowsServer",
                        "sku": "2019-datacenter-gensecond",
                        "version": "latest"
                    },
                    "osDisk": {
                        "osType": "Windows",
                        "name": "vmss001_vmss001_0_disk1_c8dda029c9054abaaf6b9a0f15323de2",
                        "createOption": "FromImage",
                        "caching": "ReadWrite",
                        "managedDisk": {
                            "storageAccountType": "Premium_LRS",
                            "id": "[parameters('disks_vmss001_vmss001_0_disk1_c8dda029c9054abaaf6b9a0f15323de2_externalid')]"
                        },
                        "diskSizeGB": 127
                    },
                    "dataDisks": []
                },
                "osProfile": {
                    "computerName": "vmss001le000000",
                    "adminUsername": "olamideilori",
                    "windowsConfiguration": {
                        "provisionVMAgent": true,
                        "enableAutomaticUpdates": true,
                        "enableVMAgentPlatformUpdates": false
                    },
                    "secrets": [],
                    "allowExtensionOperations": true,
                    "requireGuestProvisionSignal": true
                },
                "networkProfile": {
                    "networkInterfaces": [
                        {
                            "id": "[concat(resourceId('Microsoft.Compute/virtualMachineScaleSets/virtualMachines', parameters('virtualMachineScaleSets_vmss001_name'), '0'), '/networkInterfaces/scalesetgroup-vnet-nic01')]"
                        }
                    ]
                },
                "diagnosticsProfile": {
                    "bootDiagnostics": {
                        "enabled": true
                    }
                }
            }
        }
    ]
}