{
    "$schema": "https://schema.management.azure.com/schemas/2015-01-01/deploymentParameters.json#",
    "contentVersion": "1.0.0.0",
    "parameters": {
        "virtualMachines_loadvm1_name": {
            "value": null
        },
        "virtualMachines_loadvm2_name": {
            "value": null
        },
        "availabilitySets_loadset_name": {
            "value": null
        },
        "virtualMachines_linuxvm1_name": {
            "value": null
        },
        "publicIPAddresses_linuxvmip_name": {
            "value": null
        },
        "loadBalancers_loadbalancer01_name": {
            "value": null
        },
        "networkInterfaces_loadvm1442_name": {
            "value": null
        },
        "networkInterfaces_loadvm2942_name": {
            "value": null
        },
        "networkInterfaces_linuxvm1706_name": {
            "value": null
        },
        "networkSecurityGroups_loadvm1_nsg_name": {
            "value": null
        },
        "networkSecurityGroups_loadvm2_nsg_name": {
            "value": null
        },
        "networkSecurityGroups_linuxvm1_nsg_name": {
            "value": null
        },
        "publicIPAddresses_load_balancer_ip_name": {
            "value": null
        },
        "virtualNetworks_load_balancer_rg_vnet_name": {
            "value": null
        },
        "publicIPAddresses_linux_pool_frontend_ip_name": {
            "value": null
        }
    }
}