{
    "$schema": "https://schema.management.azure.com/schemas/2019-04-01/deploymentTemplate.json#",
    "contentVersion": "1.0.0.0",
    "parameters": {
        "virtualMachines_loadvm1_name": {
            "defaultValue": "loadvm1",
            "type": "String"
        },
        "virtualMachines_loadvm2_name": {
            "defaultValue": "loadvm2",
            "type": "String"
        },
        "availabilitySets_loadset_name": {
            "defaultValue": "loadset",
            "type": "String"
        },
        "virtualMachines_linuxvm1_name": {
            "defaultValue": "linuxvm1",
            "type": "String"
        },
        "publicIPAddresses_linuxvmip_name": {
            "defaultValue": "linuxvmip",
            "type": "String"
        },
        "loadBalancers_loadbalancer01_name": {
            "defaultValue": "loadbalancer01",
            "type": "String"
        },
        "networkInterfaces_loadvm1442_name": {
            "defaultValue": "loadvm1442",
            "type": "String"
        },
        "networkInterfaces_loadvm2942_name": {
            "defaultValue": "loadvm2942",
            "type": "String"
        },
        "networkInterfaces_linuxvm1706_name": {
            "defaultValue": "linuxvm1706",
            "type": "String"
        },
        "networkSecurityGroups_loadvm1_nsg_name": {
            "defaultValue": "loadvm1-nsg",
            "type": "String"
        },
        "networkSecurityGroups_loadvm2_nsg_name": {
            "defaultValue": "loadvm2-nsg",
            "type": "String"
        },
        "networkSecurityGroups_linuxvm1_nsg_name": {
            "defaultValue": "linuxvm1-nsg",
            "type": "String"
        },
        "publicIPAddresses_load_balancer_ip_name": {
            "defaultValue": "load-balancer-ip",
            "type": "String"
        },
        "virtualNetworks_load_balancer_rg_vnet_name": {
            "defaultValue": "load-balancer-rg-vnet",
            "type": "String"
        },
        "publicIPAddresses_linux_pool_frontend_ip_name": {
            "defaultValue": "linux-pool-frontend-ip",
            "type": "String"
        }
    },
    "variables": {},
    "resources": [
        {
            "type": "Microsoft.Network/publicIPAddresses",
            "apiVersion": "2022-05-01",
            "name": "[parameters('publicIPAddresses_linux_pool_frontend_ip_name')]",
            "location": "northeurope",
            "sku": {
                "name": "Basic",
                "tier": "Regional"
            },
            "properties": {
                "ipAddress": "20.166.50.74",
                "publicIPAddressVersion": "IPv4",
                "publicIPAllocationMethod": "Dynamic",
                "idleTimeoutInMinutes": 4,
                "ipTags": []
            }
        },
        {
            "type": "Microsoft.Network/publicIPAddresses",
            "apiVersion": "2022-05-01",
            "name": "[parameters('publicIPAddresses_linuxvmip_name')]",
            "location": "northeurope",
            "sku": {
                "name": "Basic",
                "tier": "Regional"
            },
            "properties": {
                "publicIPAddressVersion": "IPv4",
                "publicIPAllocationMethod": "Dynamic",
                "idleTimeoutInMinutes": 4,
                "ipTags": []
            }
        },
        {
            "type": "Microsoft.Network/publicIPAddresses",
            "apiVersion": "2022-05-01",
            "name": "[parameters('publicIPAddresses_load_balancer_ip_name')]",
            "location": "northeurope",
            "sku": {
                "name": "Basic",
                "tier": "Regional"
            },
            "properties": {
                "ipAddress": "20.234.18.223",
                "publicIPAddressVersion": "IPv4",
                "publicIPAllocationMethod": "Static",
                "idleTimeoutInMinutes": 4,
                "ipTags": []
            }
        },
        {
            "type": "Microsoft.Network/loadBalancers/backendAddressPools",
            "apiVersion": "2022-05-01",
            "name": "[concat(parameters('loadBalancers_loadbalancer01_name'), '/linuxpool')]",
            "dependsOn": [
                "[resourceId('Microsoft.Network/loadBalancers', parameters('loadBalancers_loadbalancer01_name'))]"
            ],
            "properties": {}
        },
        {
            "type": "Microsoft.Network/loadBalancers/backendAddressPools",
            "apiVersion": "2022-05-01",
            "name": "[concat(parameters('loadBalancers_loadbalancer01_name'), '/windows-server-pool')]",
            "dependsOn": [
                "[resourceId('Microsoft.Network/loadBalancers', parameters('loadBalancers_loadbalancer01_name'))]"
            ],
            "properties": {}
        },
        {
            "type": "Microsoft.Network/loadBalancers/inboundNatRules",
            "apiVersion": "2022-05-01",
            "name": "[concat(parameters('loadBalancers_loadbalancer01_name'), '/loadvm1RDP')]",
            "dependsOn": [
                "[resourceId('Microsoft.Network/loadBalancers', parameters('loadBalancers_loadbalancer01_name'))]"
            ],
            "properties": {
                "frontendIPConfiguration": {
                    "id": "[concat(resourceId('Microsoft.Network/loadBalancers', parameters('loadBalancers_loadbalancer01_name')), '/frontendIPConfigurations/loadbalancer-frontend-ip')]"
                },
                "frontendPort": 4560,
                "backendPort": 3389,
                "enableFloatingIP": false,
                "idleTimeoutInMinutes": 4,
                "protocol": "Tcp",
                "enableTcpReset": false
            }
        },
        {
            "type": "Microsoft.Network/loadBalancers/inboundNatRules",
            "apiVersion": "2022-05-01",
            "name": "[concat(parameters('loadBalancers_loadbalancer01_name'), '/loadvm2RDP')]",
            "dependsOn": [
                "[resourceId('Microsoft.Network/loadBalancers', parameters('loadBalancers_loadbalancer01_name'))]"
            ],
            "properties": {
                "frontendIPConfiguration": {
                    "id": "[concat(resourceId('Microsoft.Network/loadBalancers', parameters('loadBalancers_loadbalancer01_name')), '/frontendIPConfigurations/loadbalancer-frontend-ip')]"
                },
                "frontendPort": 4563,
                "backendPort": 3389,
                "enableFloatingIP": false,
                "idleTimeoutInMinutes": 4,
                "protocol": "Tcp",
                "enableTcpReset": false
            }
        },
        {
            "type": "Microsoft.Network/networkSecurityGroups/securityRules",
            "apiVersion": "2022-05-01",
            "name": "[concat(parameters('networkSecurityGroups_linuxvm1_nsg_name'), '/HTTP')]",
            "dependsOn": [
                "[resourceId('Microsoft.Network/networkSecurityGroups', parameters('networkSecurityGroups_linuxvm1_nsg_name'))]"
            ],
            "properties": {
                "protocol": "TCP",
                "sourcePortRange": "*",
                "destinationPortRange": "80",
                "sourceAddressPrefix": "*",
                "destinationAddressPrefix": "*",
                "access": "Allow",
                "priority": 320,
                "direction": "Inbound",
                "sourcePortRanges": [],
                "destinationPortRanges": [],
                "sourceAddressPrefixes": [],
                "destinationAddressPrefixes": []
            }
        },
        {
            "type": "Microsoft.Network/networkSecurityGroups/securityRules",
            "apiVersion": "2022-05-01",
            "name": "[concat(parameters('networkSecurityGroups_loadvm1_nsg_name'), '/HTTP')]",
            "dependsOn": [
                "[resourceId('Microsoft.Network/networkSecurityGroups', parameters('networkSecurityGroups_loadvm1_nsg_name'))]"
            ],
            "properties": {
                "protocol": "TCP",
                "sourcePortRange": "*",
                "destinationPortRange": "80",
                "sourceAddressPrefix": "*",
                "destinationAddressPrefix": "*",
                "access": "Allow",
                "priority": 320,
                "direction": "Inbound",
                "sourcePortRanges": [],
                "destinationPortRanges": [],
                "sourceAddressPrefixes": [],
                "destinationAddressPrefixes": []
            }
        },
        {
            "type": "Microsoft.Network/networkSecurityGroups/securityRules",
            "apiVersion": "2022-05-01",
            "name": "[concat(parameters('networkSecurityGroups_loadvm2_nsg_name'), '/HTTP')]",
            "dependsOn": [
                "[resourceId('Microsoft.Network/networkSecurityGroups', parameters('networkSecurityGroups_loadvm2_nsg_name'))]"
            ],
            "properties": {
                "protocol": "TCP",
                "sourcePortRange": "*",
                "destinationPortRange": "80",
                "sourceAddressPrefix": "*",
                "destinationAddressPrefix": "*",
                "access": "Allow",
                "priority": 320,
                "direction": "Inbound",
                "sourcePortRanges": [],
                "destinationPortRanges": [],
                "sourceAddressPrefixes": [],
                "destinationAddressPrefixes": []
            }
        },
        {
            "type": "Microsoft.Network/networkSecurityGroups/securityRules",
            "apiVersion": "2022-05-01",
            "name": "[concat(parameters('networkSecurityGroups_loadvm1_nsg_name'), '/RDP')]",
            "dependsOn": [
                "[resourceId('Microsoft.Network/networkSecurityGroups', parameters('networkSecurityGroups_loadvm1_nsg_name'))]"
            ],
            "properties": {
                "protocol": "TCP",
                "sourcePortRange": "*",
                "destinationPortRange": "3389",
                "sourceAddressPrefix": "*",
                "destinationAddressPrefix": "*",
                "access": "Allow",
                "priority": 300,
                "direction": "Inbound",
                "sourcePortRanges": [],
                "destinationPortRanges": [],
                "sourceAddressPrefixes": [],
                "destinationAddressPrefixes": []
            }
        },
        {
            "type": "Microsoft.Network/networkSecurityGroups/securityRules",
            "apiVersion": "2022-05-01",
            "name": "[concat(parameters('networkSecurityGroups_loadvm2_nsg_name'), '/RDP')]",
            "dependsOn": [
                "[resourceId('Microsoft.Network/networkSecurityGroups', parameters('networkSecurityGroups_loadvm2_nsg_name'))]"
            ],
            "properties": {
                "protocol": "TCP",
                "sourcePortRange": "*",
                "destinationPortRange": "3389",
                "sourceAddressPrefix": "*",
                "destinationAddressPrefix": "*",
                "access": "Allow",
                "priority": 300,
                "direction": "Inbound",
                "sourcePortRanges": [],
                "destinationPortRanges": [],
                "sourceAddressPrefixes": [],
                "destinationAddressPrefixes": []
            }
        },
        {
            "type": "Microsoft.Network/networkSecurityGroups/securityRules",
            "apiVersion": "2022-05-01",
            "name": "[concat(parameters('networkSecurityGroups_linuxvm1_nsg_name'), '/SSH')]",
            "dependsOn": [
                "[resourceId('Microsoft.Network/networkSecurityGroups', parameters('networkSecurityGroups_linuxvm1_nsg_name'))]"
            ],
            "properties": {
                "protocol": "TCP",
                "sourcePortRange": "*",
                "destinationPortRange": "22",
                "sourceAddressPrefix": "*",
                "destinationAddressPrefix": "*",
                "access": "Allow",
                "priority": 300,
                "direction": "Inbound",
                "sourcePortRanges": [],
                "destinationPortRanges": [],
                "sourceAddressPrefixes": [],
                "destinationAddressPrefixes": []
            }
        },
        {
            "type": "Microsoft.Network/virtualNetworks",
            "apiVersion": "2022-05-01",
            "name": "[parameters('virtualNetworks_load_balancer_rg_vnet_name')]",
            "location": "northeurope",
            "dependsOn": [
                "[resourceId('Microsoft.Network/virtualNetworks/subnets', parameters('virtualNetworks_load_balancer_rg_vnet_name'), 'default')]"
            ],
            "properties": {
                "addressSpace": {
                    "addressPrefixes": [
                        "10.0.0.0/16"
                    ]
                },
                "subnets": [
                    {
                        "name": "default",
                        "id": "[resourceId('Microsoft.Network/virtualNetworks/subnets', parameters('virtualNetworks_load_balancer_rg_vnet_name'), 'default')]",
                        "properties": {
                            "addressPrefix": "10.0.0.0/24",
                            "delegations": [],
                            "privateEndpointNetworkPolicies": "Disabled",
                            "privateLinkServiceNetworkPolicies": "Enabled"
                        },
                        "type": "Microsoft.Network/virtualNetworks/subnets"
                    }
                ],
                "virtualNetworkPeerings": [],
                "enableDdosProtection": false
            }
        },
        {
            "type": "Microsoft.Network/virtualNetworks/subnets",
            "apiVersion": "2022-05-01",
            "name": "[concat(parameters('virtualNetworks_load_balancer_rg_vnet_name'), '/default')]",
            "dependsOn": [
                "[resourceId('Microsoft.Network/virtualNetworks', parameters('virtualNetworks_load_balancer_rg_vnet_name'))]"
            ],
            "properties": {
                "addressPrefix": "10.0.0.0/24",
                "delegations": [],
                "privateEndpointNetworkPolicies": "Disabled",
                "privateLinkServiceNetworkPolicies": "Enabled"
            }
        },
        {
            "type": "Microsoft.Compute/virtualMachines",
            "apiVersion": "2022-08-01",
            "name": "[parameters('virtualMachines_linuxvm1_name')]",
            "location": "northeurope",
            "dependsOn": [
                "[resourceId('Microsoft.Compute/availabilitySets', parameters('availabilitySets_loadset_name'))]",
                "[resourceId('Microsoft.Network/networkInterfaces', parameters('networkInterfaces_linuxvm1706_name'))]"
            ],
            "properties": {
                "availabilitySet": {
                    "id": "[resourceId('Microsoft.Compute/availabilitySets', parameters('availabilitySets_loadset_name'))]"
                },
                "hardwareProfile": {
                    "vmSize": "Standard_E2s_v3"
                },
                "storageProfile": {
                    "imageReference": {
                        "publisher": "canonical",
                        "offer": "0001-com-ubuntu-server-focal",
                        "sku": "20_04-lts-gen2",
                        "version": "latest"
                    },
                    "osDisk": {
                        "osType": "Linux",
                        "name": "[concat(parameters('virtualMachines_linuxvm1_name'), '_OsDisk_1_74b1f6dab7e9479fb2a42733bc13d343')]",
                        "createOption": "FromImage",
                        "caching": "ReadWrite",
                        "managedDisk": {
                            "storageAccountType": "Premium_LRS",
                            "id": "[resourceId('Microsoft.Compute/disks', concat(parameters('virtualMachines_linuxvm1_name'), '_OsDisk_1_74b1f6dab7e9479fb2a42733bc13d343'))]"
                        },
                        "deleteOption": "Delete",
                        "diskSizeGB": 30
                    },
                    "dataDisks": []
                },
                "osProfile": {
                    "computerName": "[parameters('virtualMachines_linuxvm1_name')]",
                    "adminUsername": "olamideilori",
                    "linuxConfiguration": {
                        "disablePasswordAuthentication": false,
                        "provisionVMAgent": true,
                        "patchSettings": {
                            "patchMode": "ImageDefault",
                            "assessmentMode": "ImageDefault"
                        },
                        "enableVMAgentPlatformUpdates": false
                    },
                    "secrets": [],
                    "allowExtensionOperations": true,
                    "requireGuestProvisionSignal": true
                },
                "networkProfile": {
                    "networkInterfaces": [
                        {
                            "id": "[resourceId('Microsoft.Network/networkInterfaces', parameters('networkInterfaces_linuxvm1706_name'))]",
                            "properties": {
                                "deleteOption": "Detach"
                            }
                        }
                    ]
                },
                "diagnosticsProfile": {
                    "bootDiagnostics": {
                        "enabled": true
                    }
                }
            }
        },
        {
            "type": "Microsoft.Compute/virtualMachines",
            "apiVersion": "2022-08-01",
            "name": "[parameters('virtualMachines_loadvm1_name')]",
            "location": "northeurope",
            "dependsOn": [
                "[resourceId('Microsoft.Compute/availabilitySets', parameters('availabilitySets_loadset_name'))]",
                "[resourceId('Microsoft.Network/networkInterfaces', parameters('networkInterfaces_loadvm1442_name'))]"
            ],
            "properties": {
                "availabilitySet": {
                    "id": "[resourceId('Microsoft.Compute/availabilitySets', parameters('availabilitySets_loadset_name'))]"
                },
                "hardwareProfile": {
                    "vmSize": "Standard_D2s_v3"
                },
                "storageProfile": {
                    "imageReference": {
                        "publisher": "MicrosoftWindowsServer",
                        "offer": "WindowsServer",
                        "sku": "2019-datacenter-gensecond",
                        "version": "latest"
                    },
                    "osDisk": {
                        "osType": "Windows",
                        "name": "[concat(parameters('virtualMachines_loadvm1_name'), '_OsDisk_1_a4cc5c8b985646818e164b6ec063dcc5')]",
                        "createOption": "FromImage",
                        "caching": "ReadWrite",
                        "managedDisk": {
                            "storageAccountType": "StandardSSD_LRS",
                            "id": "[resourceId('Microsoft.Compute/disks', concat(parameters('virtualMachines_loadvm1_name'), '_OsDisk_1_a4cc5c8b985646818e164b6ec063dcc5'))]"
                        },
                        "deleteOption": "Delete",
                        "diskSizeGB": 127
                    },
                    "dataDisks": []
                },
                "osProfile": {
                    "computerName": "[parameters('virtualMachines_loadvm1_name')]",
                    "adminUsername": "olamideilori",
                    "windowsConfiguration": {
                        "provisionVMAgent": true,
                        "enableAutomaticUpdates": true,
                        "patchSettings": {
                            "patchMode": "AutomaticByOS",
                            "assessmentMode": "ImageDefault",
                            "enableHotpatching": false
                        },
                        "enableVMAgentPlatformUpdates": false
                    },
                    "secrets": [],
                    "allowExtensionOperations": true,
                    "requireGuestProvisionSignal": true
                },
                "networkProfile": {
                    "networkInterfaces": [
                        {
                            "id": "[resourceId('Microsoft.Network/networkInterfaces', parameters('networkInterfaces_loadvm1442_name'))]",
                            "properties": {
                                "deleteOption": "Delete"
                            }
                        }
                    ]
                },
                "diagnosticsProfile": {
                    "bootDiagnostics": {
                        "enabled": true
                    }
                }
            }
        },
        {
            "type": "Microsoft.Compute/virtualMachines",
            "apiVersion": "2022-08-01",
            "name": "[parameters('virtualMachines_loadvm2_name')]",
            "location": "northeurope",
            "dependsOn": [
                "[resourceId('Microsoft.Compute/availabilitySets', parameters('availabilitySets_loadset_name'))]",
                "[resourceId('Microsoft.Network/networkInterfaces', parameters('networkInterfaces_loadvm2942_name'))]"
            ],
            "properties": {
                "availabilitySet": {
                    "id": "[resourceId('Microsoft.Compute/availabilitySets', parameters('availabilitySets_loadset_name'))]"
                },
                "hardwareProfile": {
                    "vmSize": "Standard_D2s_v3"
                },
                "storageProfile": {
                    "imageReference": {
                        "publisher": "MicrosoftWindowsServer",
                        "offer": "WindowsServer",
                        "sku": "2019-datacenter-gensecond",
                        "version": "latest"
                    },
                    "osDisk": {
                        "osType": "Windows",
                        "name": "[concat(parameters('virtualMachines_loadvm2_name'), '_OsDisk_1_ee124c7f6f7d4c2485261e4ec1894d19')]",
                        "createOption": "FromImage",
                        "caching": "ReadWrite",
                        "managedDisk": {
                            "storageAccountType": "Premium_LRS",
                            "id": "[resourceId('Microsoft.Compute/disks', concat(parameters('virtualMachines_loadvm2_name'), '_OsDisk_1_ee124c7f6f7d4c2485261e4ec1894d19'))]"
                        },
                        "deleteOption": "Delete",
                        "diskSizeGB": 127
                    },
                    "dataDisks": []
                },
                "osProfile": {
                    "computerName": "[parameters('virtualMachines_loadvm2_name')]",
                    "adminUsername": "olamideilori",
                    "windowsConfiguration": {
                        "provisionVMAgent": true,
                        "enableAutomaticUpdates": true,
                        "patchSettings": {
                            "patchMode": "AutomaticByOS",
                            "assessmentMode": "ImageDefault",
                            "enableHotpatching": false
                        },
                        "enableVMAgentPlatformUpdates": false
                    },
                    "secrets": [],
                    "allowExtensionOperations": true,
                    "requireGuestProvisionSignal": true
                },
                "networkProfile": {
                    "networkInterfaces": [
                        {
                            "id": "[resourceId('Microsoft.Network/networkInterfaces', parameters('networkInterfaces_loadvm2942_name'))]",
                            "properties": {
                                "deleteOption": "Delete"
                            }
                        }
                    ]
                },
                "diagnosticsProfile": {
                    "bootDiagnostics": {
                        "enabled": true
                    }
                }
            }
        },
        {
            "type": "Microsoft.Network/networkSecurityGroups",
            "apiVersion": "2022-05-01",
            "name": "[parameters('networkSecurityGroups_linuxvm1_nsg_name')]",
            "location": "northeurope",
            "dependsOn": [
                "[resourceId('Microsoft.Network/networkSecurityGroups/securityRules', parameters('networkSecurityGroups_linuxvm1_nsg_name'), 'SSH')]",
                "[resourceId('Microsoft.Network/networkSecurityGroups/securityRules', parameters('networkSecurityGroups_linuxvm1_nsg_name'), 'HTTP')]"
            ],
            "properties": {
                "securityRules": [
                    {
                        "name": "SSH",
                        "id": "[resourceId('Microsoft.Network/networkSecurityGroups/securityRules', parameters('networkSecurityGroups_linuxvm1_nsg_name'), 'SSH')]",
                        "type": "Microsoft.Network/networkSecurityGroups/securityRules",
                        "properties": {
                            "protocol": "TCP",
                            "sourcePortRange": "*",
                            "destinationPortRange": "22",
                            "sourceAddressPrefix": "*",
                            "destinationAddressPrefix": "*",
                            "access": "Allow",
                            "priority": 300,
                            "direction": "Inbound",
                            "sourcePortRanges": [],
                            "destinationPortRanges": [],
                            "sourceAddressPrefixes": [],
                            "destinationAddressPrefixes": []
                        }
                    },
                    {
                        "name": "HTTP",
                        "id": "[resourceId('Microsoft.Network/networkSecurityGroups/securityRules', parameters('networkSecurityGroups_linuxvm1_nsg_name'), 'HTTP')]",
                        "type": "Microsoft.Network/networkSecurityGroups/securityRules",
                        "properties": {
                            "protocol": "TCP",
                            "sourcePortRange": "*",
                            "destinationPortRange": "80",
                            "sourceAddressPrefix": "*",
                            "destinationAddressPrefix": "*",
                            "access": "Allow",
                            "priority": 320,
                            "direction": "Inbound",
                            "sourcePortRanges": [],
                            "destinationPortRanges": [],
                            "sourceAddressPrefixes": [],
                            "destinationAddressPrefixes": []
                        }
                    }
                ]
            }
        },
        {
            "type": "Microsoft.Network/networkSecurityGroups",
            "apiVersion": "2022-05-01",
            "name": "[parameters('networkSecurityGroups_loadvm1_nsg_name')]",
            "location": "northeurope",
            "dependsOn": [
                "[resourceId('Microsoft.Network/networkSecurityGroups/securityRules', parameters('networkSecurityGroups_loadvm1_nsg_name'), 'RDP')]",
                "[resourceId('Microsoft.Network/networkSecurityGroups/securityRules', parameters('networkSecurityGroups_loadvm1_nsg_name'), 'HTTP')]"
            ],
            "properties": {
                "securityRules": [
                    {
                        "name": "RDP",
                        "id": "[resourceId('Microsoft.Network/networkSecurityGroups/securityRules', parameters('networkSecurityGroups_loadvm1_nsg_name'), 'RDP')]",
                        "type": "Microsoft.Network/networkSecurityGroups/securityRules",
                        "properties": {
                            "protocol": "TCP",
                            "sourcePortRange": "*",
                            "destinationPortRange": "3389",
                            "sourceAddressPrefix": "*",
                            "destinationAddressPrefix": "*",
                            "access": "Allow",
                            "priority": 300,
                            "direction": "Inbound",
                            "sourcePortRanges": [],
                            "destinationPortRanges": [],
                            "sourceAddressPrefixes": [],
                            "destinationAddressPrefixes": []
                        }
                    },
                    {
                        "name": "HTTP",
                        "id": "[resourceId('Microsoft.Network/networkSecurityGroups/securityRules', parameters('networkSecurityGroups_loadvm1_nsg_name'), 'HTTP')]",
                        "type": "Microsoft.Network/networkSecurityGroups/securityRules",
                        "properties": {
                            "protocol": "TCP",
                            "sourcePortRange": "*",
                            "destinationPortRange": "80",
                            "sourceAddressPrefix": "*",
                            "destinationAddressPrefix": "*",
                            "access": "Allow",
                            "priority": 320,
                            "direction": "Inbound",
                            "sourcePortRanges": [],
                            "destinationPortRanges": [],
                            "sourceAddressPrefixes": [],
                            "destinationAddressPrefixes": []
                        }
                    }
                ]
            }
        },
        {
            "type": "Microsoft.Network/networkSecurityGroups",
            "apiVersion": "2022-05-01",
            "name": "[parameters('networkSecurityGroups_loadvm2_nsg_name')]",
            "location": "northeurope",
            "dependsOn": [
                "[resourceId('Microsoft.Network/networkSecurityGroups/securityRules', parameters('networkSecurityGroups_loadvm2_nsg_name'), 'RDP')]",
                "[resourceId('Microsoft.Network/networkSecurityGroups/securityRules', parameters('networkSecurityGroups_loadvm2_nsg_name'), 'HTTP')]"
            ],
            "properties": {
                "securityRules": [
                    {
                        "name": "RDP",
                        "id": "[resourceId('Microsoft.Network/networkSecurityGroups/securityRules', parameters('networkSecurityGroups_loadvm2_nsg_name'), 'RDP')]",
                        "type": "Microsoft.Network/networkSecurityGroups/securityRules",
                        "properties": {
                            "protocol": "TCP",
                            "sourcePortRange": "*",
                            "destinationPortRange": "3389",
                            "sourceAddressPrefix": "*",
                            "destinationAddressPrefix": "*",
                            "access": "Allow",
                            "priority": 300,
                            "direction": "Inbound",
                            "sourcePortRanges": [],
                            "destinationPortRanges": [],
                            "sourceAddressPrefixes": [],
                            "destinationAddressPrefixes": []
                        }
                    },
                    {
                        "name": "HTTP",
                        "id": "[resourceId('Microsoft.Network/networkSecurityGroups/securityRules', parameters('networkSecurityGroups_loadvm2_nsg_name'), 'HTTP')]",
                        "type": "Microsoft.Network/networkSecurityGroups/securityRules",
                        "properties": {
                            "protocol": "TCP",
                            "sourcePortRange": "*",
                            "destinationPortRange": "80",
                            "sourceAddressPrefix": "*",
                            "destinationAddressPrefix": "*",
                            "access": "Allow",
                            "priority": 320,
                            "direction": "Inbound",
                            "sourcePortRanges": [],
                            "destinationPortRanges": [],
                            "sourceAddressPrefixes": [],
                            "destinationAddressPrefixes": []
                        }
                    }
                ]
            }
        },
        {
            "type": "Microsoft.Compute/availabilitySets",
            "apiVersion": "2022-08-01",
            "name": "[parameters('availabilitySets_loadset_name')]",
            "location": "northeurope",
            "dependsOn": [
                "[resourceId('Microsoft.Compute/virtualMachines', parameters('virtualMachines_linuxvm1_name'))]",
                "[resourceId('Microsoft.Compute/virtualMachines', parameters('virtualMachines_loadvm1_name'))]",
                "[resourceId('Microsoft.Compute/virtualMachines', parameters('virtualMachines_loadvm2_name'))]"
            ],
            "sku": {
                "name": "Aligned"
            },
            "properties": {
                "platformUpdateDomainCount": 4,
                "platformFaultDomainCount": 2,
                "virtualMachines": [
                    {
                        "id": "[resourceId('Microsoft.Compute/virtualMachines', parameters('virtualMachines_linuxvm1_name'))]"
                    },
                    {
                        "id": "[resourceId('Microsoft.Compute/virtualMachines', parameters('virtualMachines_loadvm1_name'))]"
                    },
                    {
                        "id": "[resourceId('Microsoft.Compute/virtualMachines', parameters('virtualMachines_loadvm2_name'))]"
                    }
                ]
            }
        },
        {
            "type": "Microsoft.Network/networkInterfaces",
            "apiVersion": "2022-05-01",
            "name": "[parameters('networkInterfaces_linuxvm1706_name')]",
            "location": "northeurope",
            "dependsOn": [
                "[resourceId('Microsoft.Network/virtualNetworks/subnets', parameters('virtualNetworks_load_balancer_rg_vnet_name'), 'default')]",
                "[resourceId('Microsoft.Network/loadBalancers/backendAddressPools', parameters('loadBalancers_loadbalancer01_name'), 'linuxpool')]",
                "[resourceId('Microsoft.Network/networkSecurityGroups', parameters('networkSecurityGroups_linuxvm1_nsg_name'))]"
            ],
            "kind": "Regular",
            "properties": {
                "ipConfigurations": [
                    {
                        "name": "ipconfig1",
                        "id": "[concat(resourceId('Microsoft.Network/networkInterfaces', parameters('networkInterfaces_linuxvm1706_name')), '/ipConfigurations/ipconfig1')]",
                        "etag": "W/\"2c1aab61-90fc-451c-9cba-d8f25be63d6e\"",
                        "type": "Microsoft.Network/networkInterfaces/ipConfigurations",
                        "properties": {
                            "provisioningState": "Succeeded",
                            "privateIPAddress": "10.0.0.6",
                            "privateIPAllocationMethod": "Static",
                            "subnet": {
                                "id": "[resourceId('Microsoft.Network/virtualNetworks/subnets', parameters('virtualNetworks_load_balancer_rg_vnet_name'), 'default')]"
                            },
                            "primary": true,
                            "privateIPAddressVersion": "IPv4",
                            "loadBalancerBackendAddressPools": [
                                {
                                    "id": "[resourceId('Microsoft.Network/loadBalancers/backendAddressPools', parameters('loadBalancers_loadbalancer01_name'), 'linuxpool')]"
                                }
                            ]
                        }
                    }
                ],
                "dnsSettings": {
                    "dnsServers": []
                },
                "enableAcceleratedNetworking": true,
                "enableIPForwarding": false,
                "disableTcpStateTracking": false,
                "networkSecurityGroup": {
                    "id": "[resourceId('Microsoft.Network/networkSecurityGroups', parameters('networkSecurityGroups_linuxvm1_nsg_name'))]"
                },
                "nicType": "Standard"
            }
        },
        {
            "type": "Microsoft.Network/networkInterfaces",
            "apiVersion": "2022-05-01",
            "name": "[parameters('networkInterfaces_loadvm1442_name')]",
            "location": "northeurope",
            "dependsOn": [
                "[resourceId('Microsoft.Network/virtualNetworks/subnets', parameters('virtualNetworks_load_balancer_rg_vnet_name'), 'default')]",
                "[resourceId('Microsoft.Network/loadBalancers/backendAddressPools', parameters('loadBalancers_loadbalancer01_name'), 'windows-server-pool')]",
                "[resourceId('Microsoft.Network/loadBalancers/inboundNatRules', parameters('loadBalancers_loadbalancer01_name'), 'loadvm1RDP')]",
                "[resourceId('Microsoft.Network/networkSecurityGroups', parameters('networkSecurityGroups_loadvm1_nsg_name'))]"
            ],
            "kind": "Regular",
            "properties": {
                "ipConfigurations": [
                    {
                        "name": "ipconfig1",
                        "id": "[concat(resourceId('Microsoft.Network/networkInterfaces', parameters('networkInterfaces_loadvm1442_name')), '/ipConfigurations/ipconfig1')]",
                        "etag": "W/\"8702a755-9cbd-48a6-ad07-5e3989c4f043\"",
                        "type": "Microsoft.Network/networkInterfaces/ipConfigurations",
                        "properties": {
                            "provisioningState": "Succeeded",
                            "privateIPAddress": "10.0.0.4",
                            "privateIPAllocationMethod": "Static",
                            "subnet": {
                                "id": "[resourceId('Microsoft.Network/virtualNetworks/subnets', parameters('virtualNetworks_load_balancer_rg_vnet_name'), 'default')]"
                            },
                            "primary": true,
                            "privateIPAddressVersion": "IPv4",
                            "loadBalancerBackendAddressPools": [
                                {
                                    "id": "[resourceId('Microsoft.Network/loadBalancers/backendAddressPools', parameters('loadBalancers_loadbalancer01_name'), 'windows-server-pool')]"
                                }
                            ],
                            "loadBalancerInboundNatRules": [
                                {
                                    "id": "[resourceId('Microsoft.Network/loadBalancers/inboundNatRules', parameters('loadBalancers_loadbalancer01_name'), 'loadvm1RDP')]"
                                }
                            ]
                        }
                    }
                ],
                "dnsSettings": {
                    "dnsServers": []
                },
                "enableAcceleratedNetworking": true,
                "enableIPForwarding": false,
                "disableTcpStateTracking": false,
                "networkSecurityGroup": {
                    "id": "[resourceId('Microsoft.Network/networkSecurityGroups', parameters('networkSecurityGroups_loadvm1_nsg_name'))]"
                },
                "nicType": "Standard"
            }
        },
        {
            "type": "Microsoft.Network/networkInterfaces",
            "apiVersion": "2022-05-01",
            "name": "[parameters('networkInterfaces_loadvm2942_name')]",
            "location": "northeurope",
            "dependsOn": [
                "[resourceId('Microsoft.Network/virtualNetworks/subnets', parameters('virtualNetworks_load_balancer_rg_vnet_name'), 'default')]",
                "[resourceId('Microsoft.Network/loadBalancers/backendAddressPools', parameters('loadBalancers_loadbalancer01_name'), 'windows-server-pool')]",
                "[resourceId('Microsoft.Network/loadBalancers/inboundNatRules', parameters('loadBalancers_loadbalancer01_name'), 'loadvm2RDP')]",
                "[resourceId('Microsoft.Network/networkSecurityGroups', parameters('networkSecurityGroups_loadvm2_nsg_name'))]"
            ],
            "kind": "Regular",
            "properties": {
                "ipConfigurations": [
                    {
                        "name": "ipconfig1",
                        "id": "[concat(resourceId('Microsoft.Network/networkInterfaces', parameters('networkInterfaces_loadvm2942_name')), '/ipConfigurations/ipconfig1')]",
                        "etag": "W/\"f3cbcc37-00e3-446e-b299-89d538fd709a\"",
                        "type": "Microsoft.Network/networkInterfaces/ipConfigurations",
                        "properties": {
                            "provisioningState": "Succeeded",
                            "privateIPAddress": "10.0.0.5",
                            "privateIPAllocationMethod": "Static",
                            "subnet": {
                                "id": "[resourceId('Microsoft.Network/virtualNetworks/subnets', parameters('virtualNetworks_load_balancer_rg_vnet_name'), 'default')]"
                            },
                            "primary": true,
                            "privateIPAddressVersion": "IPv4",
                            "loadBalancerBackendAddressPools": [
                                {
                                    "id": "[resourceId('Microsoft.Network/loadBalancers/backendAddressPools', parameters('loadBalancers_loadbalancer01_name'), 'windows-server-pool')]"
                                }
                            ],
                            "loadBalancerInboundNatRules": [
                                {
                                    "id": "[resourceId('Microsoft.Network/loadBalancers/inboundNatRules', parameters('loadBalancers_loadbalancer01_name'), 'loadvm2RDP')]"
                                }
                            ]
                        }
                    }
                ],
                "dnsSettings": {
                    "dnsServers": []
                },
                "enableAcceleratedNetworking": true,
                "enableIPForwarding": false,
                "disableTcpStateTracking": false,
                "networkSecurityGroup": {
                    "id": "[resourceId('Microsoft.Network/networkSecurityGroups', parameters('networkSecurityGroups_loadvm2_nsg_name'))]"
                },
                "nicType": "Standard"
            }
        },
        {
            "type": "Microsoft.Network/loadBalancers",
            "apiVersion": "2022-05-01",
            "name": "[parameters('loadBalancers_loadbalancer01_name')]",
            "location": "northeurope",
            "dependsOn": [
                "[resourceId('Microsoft.Network/publicIPAddresses', parameters('publicIPAddresses_load_balancer_ip_name'))]",
                "[resourceId('Microsoft.Network/publicIPAddresses', parameters('publicIPAddresses_linux_pool_frontend_ip_name'))]",
                "[resourceId('Microsoft.Network/loadBalancers/backendAddressPools', parameters('loadBalancers_loadbalancer01_name'), 'windows-server-pool')]",
                "[resourceId('Microsoft.Network/loadBalancers/backendAddressPools', parameters('loadBalancers_loadbalancer01_name'), 'linuxpool')]",
                "[resourceId('Microsoft.Network/loadBalancers/inboundNatRules', parameters('loadBalancers_loadbalancer01_name'), 'loadvm1RDP')]",
                "[resourceId('Microsoft.Network/loadBalancers/inboundNatRules', parameters('loadBalancers_loadbalancer01_name'), 'loadvm2RDP')]"
            ],
            "sku": {
                "name": "Basic",
                "tier": "Regional"
            },
            "properties": {
                "frontendIPConfigurations": [
                    {
                        "name": "loadbalancer-frontend-ip",
                        "id": "[concat(resourceId('Microsoft.Network/loadBalancers', parameters('loadBalancers_loadbalancer01_name')), '/frontendIPConfigurations/loadbalancer-frontend-ip')]",
                        "properties": {
                            "privateIPAllocationMethod": "Dynamic",
                            "publicIPAddress": {
                                "id": "[resourceId('Microsoft.Network/publicIPAddresses', parameters('publicIPAddresses_load_balancer_ip_name'))]"
                            }
                        }
                    },
                    {
                        "name": "linux-pool",
                        "id": "[concat(resourceId('Microsoft.Network/loadBalancers', parameters('loadBalancers_loadbalancer01_name')), '/frontendIPConfigurations/linux-pool')]",
                        "properties": {
                            "privateIPAllocationMethod": "Dynamic",
                            "publicIPAddress": {
                                "id": "[resourceId('Microsoft.Network/publicIPAddresses', parameters('publicIPAddresses_linux_pool_frontend_ip_name'))]"
                            }
                        }
                    }
                ],
                "backendAddressPools": [
                    {
                        "name": "windows-server-pool",
                        "id": "[resourceId('Microsoft.Network/loadBalancers/backendAddressPools', parameters('loadBalancers_loadbalancer01_name'), 'windows-server-pool')]",
                        "properties": {}
                    },
                    {
                        "name": "linuxpool",
                        "id": "[resourceId('Microsoft.Network/loadBalancers/backendAddressPools', parameters('loadBalancers_loadbalancer01_name'), 'linuxpool')]",
                        "properties": {}
                    }
                ],
                "loadBalancingRules": [
                    {
                        "name": "rule-1",
                        "id": "[concat(resourceId('Microsoft.Network/loadBalancers', parameters('loadBalancers_loadbalancer01_name')), '/loadBalancingRules/rule-1')]",
                        "properties": {
                            "frontendIPConfiguration": {
                                "id": "[concat(resourceId('Microsoft.Network/loadBalancers', parameters('loadBalancers_loadbalancer01_name')), '/frontendIPConfigurations/loadbalancer-frontend-ip')]"
                            },
                            "frontendPort": 80,
                            "backendPort": 80,
                            "enableFloatingIP": false,
                            "idleTimeoutInMinutes": 4,
                            "protocol": "Tcp",
                            "enableTcpReset": false,
                            "loadDistribution": "Default",
                            "backendAddressPool": {
                                "id": "[resourceId('Microsoft.Network/loadBalancers/backendAddressPools', parameters('loadBalancers_loadbalancer01_name'), 'windows-server-pool')]"
                            },
                            "backendAddressPools": [
                                {
                                    "id": "[resourceId('Microsoft.Network/loadBalancers/backendAddressPools', parameters('loadBalancers_loadbalancer01_name'), 'windows-server-pool')]"
                                }
                            ],
                            "probe": {
                                "id": "[concat(resourceId('Microsoft.Network/loadBalancers', parameters('loadBalancers_loadbalancer01_name')), '/probes/tcp-probe')]"
                            }
                        }
                    },
                    {
                        "name": "rule-2",
                        "id": "[concat(resourceId('Microsoft.Network/loadBalancers', parameters('loadBalancers_loadbalancer01_name')), '/loadBalancingRules/rule-2')]",
                        "properties": {
                            "frontendIPConfiguration": {
                                "id": "[concat(resourceId('Microsoft.Network/loadBalancers', parameters('loadBalancers_loadbalancer01_name')), '/frontendIPConfigurations/linux-pool')]"
                            },
                            "frontendPort": 80,
                            "backendPort": 80,
                            "enableFloatingIP": false,
                            "idleTimeoutInMinutes": 4,
                            "protocol": "Tcp",
                            "enableTcpReset": false,
                            "loadDistribution": "Default",
                            "backendAddressPool": {
                                "id": "[resourceId('Microsoft.Network/loadBalancers/backendAddressPools', parameters('loadBalancers_loadbalancer01_name'), 'linuxpool')]"
                            },
                            "backendAddressPools": [
                                {
                                    "id": "[resourceId('Microsoft.Network/loadBalancers/backendAddressPools', parameters('loadBalancers_loadbalancer01_name'), 'linuxpool')]"
                                }
                            ],
                            "probe": {
                                "id": "[concat(resourceId('Microsoft.Network/loadBalancers', parameters('loadBalancers_loadbalancer01_name')), '/probes/tcp-probe')]"
                            }
                        }
                    }
                ],
                "probes": [
                    {
                        "name": "tcp-probe",
                        "id": "[concat(resourceId('Microsoft.Network/loadBalancers', parameters('loadBalancers_loadbalancer01_name')), '/probes/tcp-probe')]",
                        "properties": {
                            "protocol": "Tcp",
                            "port": 80,
                            "intervalInSeconds": 5,
                            "numberOfProbes": 1,
                            "probeThreshold": 1
                        }
                    }
                ],
                "inboundNatRules": [
                    {
                        "name": "loadvm1RDP",
                        "id": "[resourceId('Microsoft.Network/loadBalancers/inboundNatRules', parameters('loadBalancers_loadbalancer01_name'), 'loadvm1RDP')]",
                        "properties": {
                            "frontendIPConfiguration": {
                                "id": "[concat(resourceId('Microsoft.Network/loadBalancers', parameters('loadBalancers_loadbalancer01_name')), '/frontendIPConfigurations/loadbalancer-frontend-ip')]"
                            },
                            "frontendPort": 4560,
                            "backendPort": 3389,
                            "enableFloatingIP": false,
                            "idleTimeoutInMinutes": 4,
                            "protocol": "Tcp",
                            "enableTcpReset": false
                        }
                    },
                    {
                        "name": "loadvm2RDP",
                        "id": "[resourceId('Microsoft.Network/loadBalancers/inboundNatRules', parameters('loadBalancers_loadbalancer01_name'), 'loadvm2RDP')]",
                        "properties": {
                            "frontendIPConfiguration": {
                                "id": "[concat(resourceId('Microsoft.Network/loadBalancers', parameters('loadBalancers_loadbalancer01_name')), '/frontendIPConfigurations/loadbalancer-frontend-ip')]"
                            },
                            "frontendPort": 4563,
                            "backendPort": 3389,
                            "enableFloatingIP": false,
                            "idleTimeoutInMinutes": 4,
                            "protocol": "Tcp",
                            "enableTcpReset": false
                        }
                    }
                ],
                "inboundNatPools": []
            }
        }
    ]
}