{
    "$schema": "https://schema.management.azure.com/schemas/2015-01-01/deploymentParameters.json#",
    "contentVersion": "1.0.0.0",
    "parameters": {
        "virtualMachines_east_us_vm_name": {
            "value": null
        },
        "virtualMachines_south_uk_vm_name": {
            "value": null
        },
        "virtualMachines_south0uk_vm_2_name": {
            "value": null
        },
        "virtualMachines_north_europe_vm_name": {
            "value": null
        },
        "networkInterfaces_east_us_vm759_name": {
            "value": null
        },
        "publicIPAddresses_east_us_vm_ip_name": {
            "value": null
        },
        "trafficManagerProfiles_app00001_name": {
            "value": null
        },
        "trafficManagerProfiles_app00002_name": {
            "value": null
        },
        "networkInterfaces_south_uk_vm465_name": {
            "value": null
        },
        "publicIPAddresses_south_uk_vm_ip_name": {
            "value": null
        },
        "networkInterfaces_south0uk_vm_2471_name": {
            "value": null
        },
        "publicIPAddresses_south0uk_vm_2_ip_name": {
            "value": null
        },
        "virtualNetworks_south_uk_2_network_name": {
            "value": null
        },
        "networkInterfaces_north_europe_vm718_name": {
            "value": null
        },
        "networkSecurityGroups_east_us_vm_nsg_name": {
            "value": null
        },
        "publicIPAddresses_north_europe_vm_ip_name": {
            "value": null
        },
        "networkSecurityGroups_south_uk_vm_nsg_name": {
            "value": null
        },
        "networkSecurityGroups_south0uk_vm_2_nsg_name": {
            "value": null
        },
        "virtualNetworks_traffic_manager_rg_vnet_name": {
            "value": null
        },
        "virtualNetworks_trafficmanagerrgvnet485_name": {
            "value": null
        },
        "virtualNetworks_trafficmanagerrgvnet611_name": {
            "value": null
        },
        "networkSecurityGroups_north_europe_vm_nsg_name": {
            "value": null
        }
    }
}