{
    "$schema": "https://schema.management.azure.com/schemas/2019-04-01/deploymentTemplate.json#",
    "contentVersion": "1.0.0.0",
    "parameters": {
        "virtualMachines_east_us_vm_name": {
            "defaultValue": "east-us-vm",
            "type": "String"
        },
        "virtualMachines_south_uk_vm_name": {
            "defaultValue": "south-uk-vm",
            "type": "String"
        },
        "virtualMachines_south0uk_vm_2_name": {
            "defaultValue": "south0uk-vm-2",
            "type": "String"
        },
        "virtualMachines_north_europe_vm_name": {
            "defaultValue": "north-europe-vm",
            "type": "String"
        },
        "networkInterfaces_east_us_vm759_name": {
            "defaultValue": "east-us-vm759",
            "type": "String"
        },
        "publicIPAddresses_east_us_vm_ip_name": {
            "defaultValue": "east-us-vm-ip",
            "type": "String"
        },
        "trafficManagerProfiles_app00001_name": {
            "defaultValue": "app00001",
            "type": "String"
        },
        "trafficManagerProfiles_app00002_name": {
            "defaultValue": "app00002",
            "type": "String"
        },
        "networkInterfaces_south_uk_vm465_name": {
            "defaultValue": "south-uk-vm465",
            "type": "String"
        },
        "publicIPAddresses_south_uk_vm_ip_name": {
            "defaultValue": "south-uk-vm-ip",
            "type": "String"
        },
        "networkInterfaces_south0uk_vm_2471_name": {
            "defaultValue": "south0uk-vm-2471",
            "type": "String"
        },
        "publicIPAddresses_south0uk_vm_2_ip_name": {
            "defaultValue": "south0uk-vm-2-ip",
            "type": "String"
        },
        "virtualNetworks_south_uk_2_network_name": {
            "defaultValue": "south-uk-2-network",
            "type": "String"
        },
        "networkInterfaces_north_europe_vm718_name": {
            "defaultValue": "north-europe-vm718",
            "type": "String"
        },
        "networkSecurityGroups_east_us_vm_nsg_name": {
            "defaultValue": "east-us-vm-nsg",
            "type": "String"
        },
        "publicIPAddresses_north_europe_vm_ip_name": {
            "defaultValue": "north-europe-vm-ip",
            "type": "String"
        },
        "networkSecurityGroups_south_uk_vm_nsg_name": {
            "defaultValue": "south-uk-vm-nsg",
            "type": "String"
        },
        "networkSecurityGroups_south0uk_vm_2_nsg_name": {
            "defaultValue": "south0uk-vm-2-nsg",
            "type": "String"
        },
        "virtualNetworks_traffic_manager_rg_vnet_name": {
            "defaultValue": "traffic-manager-rg-vnet",
            "type": "String"
        },
        "virtualNetworks_trafficmanagerrgvnet485_name": {
            "defaultValue": "trafficmanagerrgvnet485",
            "type": "String"
        },
        "virtualNetworks_trafficmanagerrgvnet611_name": {
            "defaultValue": "trafficmanagerrgvnet611",
            "type": "String"
        },
        "networkSecurityGroups_north_europe_vm_nsg_name": {
            "defaultValue": "north-europe-vm-nsg",
            "type": "String"
        }
    },
    "variables": {},
    "resources": [
        {
            "type": "Microsoft.Network/publicIPAddresses",
            "apiVersion": "2022-01-01",
            "name": "[parameters('publicIPAddresses_east_us_vm_ip_name')]",
            "location": "eastus",
            "sku": {
                "name": "Standard",
                "tier": "Regional"
            },
            "properties": {
                "ipAddress": "20.124.232.248",
                "publicIPAddressVersion": "IPv4",
                "publicIPAllocationMethod": "Static",
                "idleTimeoutInMinutes": 4,
                "ipTags": []
            }
        },
        {
            "type": "Microsoft.Network/publicIPAddresses",
            "apiVersion": "2022-01-01",
            "name": "[parameters('publicIPAddresses_north_europe_vm_ip_name')]",
            "location": "northeurope",
            "sku": {
                "name": "Standard",
                "tier": "Regional"
            },
            "properties": {
                "ipAddress": "40.127.164.75",
                "publicIPAddressVersion": "IPv4",
                "publicIPAllocationMethod": "Static",
                "idleTimeoutInMinutes": 4,
                "dnsSettings": {
                    "domainNameLabel": "north-europe-vm",
                    "fqdn": "north-europe-vm.northeurope.cloudapp.azure.com"
                },
                "ipTags": []
            }
        },
        {
            "type": "Microsoft.Network/publicIPAddresses",
            "apiVersion": "2022-01-01",
            "name": "[parameters('publicIPAddresses_south0uk_vm_2_ip_name')]",
            "location": "uksouth",
            "sku": {
                "name": "Standard",
                "tier": "Regional"
            },
            "properties": {
                "ipAddress": "20.26.229.184",
                "publicIPAddressVersion": "IPv4",
                "publicIPAllocationMethod": "Static",
                "idleTimeoutInMinutes": 4,
                "dnsSettings": {
                    "domainNameLabel": "south-uk-vm-2",
                    "fqdn": "south-uk-vm-2.uksouth.cloudapp.azure.com"
                },
                "ipTags": []
            }
        },
        {
            "type": "Microsoft.Network/publicIPAddresses",
            "apiVersion": "2022-01-01",
            "name": "[parameters('publicIPAddresses_south_uk_vm_ip_name')]",
            "location": "uksouth",
            "sku": {
                "name": "Standard",
                "tier": "Regional"
            },
            "properties": {
                "ipAddress": "20.117.131.16",
                "publicIPAddressVersion": "IPv4",
                "publicIPAllocationMethod": "Static",
                "idleTimeoutInMinutes": 4,
                "dnsSettings": {
                    "domainNameLabel": "south-uk-vm",
                    "fqdn": "south-uk-vm.uksouth.cloudapp.azure.com"
                },
                "ipTags": []
            }
        },
        {
            "type": "Microsoft.Compute/virtualMachines",
            "apiVersion": "2022-03-01",
            "name": "[parameters('virtualMachines_east_us_vm_name')]",
            "location": "eastus",
            "dependsOn": [
                "[resourceId('Microsoft.Network/networkInterfaces', parameters('networkInterfaces_east_us_vm759_name'))]"
            ],
            "properties": {
                "hardwareProfile": {
                    "vmSize": "Standard_D2s_v3"
                },
                "storageProfile": {
                    "imageReference": {
                        "publisher": "MicrosoftWindowsServer",
                        "offer": "WindowsServer",
                        "sku": "2019-datacenter-gensecond",
                        "version": "latest"
                    },
                    "osDisk": {
                        "osType": "Windows",
                        "name": "[concat(parameters('virtualMachines_east_us_vm_name'), '_disk1_16ab5ec151b64ed59bed61c836069f2c')]",
                        "createOption": "FromImage",
                        "caching": "ReadWrite",
                        "managedDisk": {
                            "storageAccountType": "Premium_LRS",
                            "id": "[resourceId('Microsoft.Compute/disks', concat(parameters('virtualMachines_east_us_vm_name'), '_disk1_16ab5ec151b64ed59bed61c836069f2c'))]"
                        },
                        "deleteOption": "Delete",
                        "diskSizeGB": 127
                    },
                    "dataDisks": []
                },
                "osProfile": {
                    "computerName": "[parameters('virtualMachines_east_us_vm_name')]",
                    "adminUsername": "olamideilori",
                    "windowsConfiguration": {
                        "provisionVMAgent": true,
                        "enableAutomaticUpdates": true,
                        "patchSettings": {
                            "patchMode": "AutomaticByOS",
                            "assessmentMode": "ImageDefault",
                            "enableHotpatching": false
                        }
                    },
                    "secrets": [],
                    "allowExtensionOperations": true,
                    "requireGuestProvisionSignal": true
                },
                "networkProfile": {
                    "networkInterfaces": [
                        {
                            "id": "[resourceId('Microsoft.Network/networkInterfaces', parameters('networkInterfaces_east_us_vm759_name'))]",
                            "properties": {
                                "deleteOption": "Detach"
                            }
                        }
                    ]
                },
                "diagnosticsProfile": {
                    "bootDiagnostics": {
                        "enabled": true
                    }
                }
            }
        },
        {
            "type": "Microsoft.Compute/virtualMachines",
            "apiVersion": "2022-03-01",
            "name": "[parameters('virtualMachines_north_europe_vm_name')]",
            "location": "northeurope",
            "dependsOn": [
                "[resourceId('Microsoft.Network/networkInterfaces', parameters('networkInterfaces_north_europe_vm718_name'))]"
            ],
            "properties": {
                "hardwareProfile": {
                    "vmSize": "Standard_D2s_v3"
                },
                "storageProfile": {
                    "imageReference": {
                        "publisher": "MicrosoftWindowsServer",
                        "offer": "WindowsServer",
                        "sku": "2019-datacenter-gensecond",
                        "version": "latest"
                    },
                    "osDisk": {
                        "osType": "Windows",
                        "name": "[concat(parameters('virtualMachines_north_europe_vm_name'), '_disk1_16bf8d762fe84006ba039f8fcdd2282c')]",
                        "createOption": "FromImage",
                        "caching": "ReadWrite",
                        "managedDisk": {
                            "storageAccountType": "Premium_LRS",
                            "id": "[resourceId('Microsoft.Compute/disks', concat(parameters('virtualMachines_north_europe_vm_name'), '_disk1_16bf8d762fe84006ba039f8fcdd2282c'))]"
                        },
                        "deleteOption": "Delete",
                        "diskSizeGB": 127
                    },
                    "dataDisks": []
                },
                "osProfile": {
                    "computerName": "[parameters('virtualMachines_north_europe_vm_name')]",
                    "adminUsername": "olamideilori",
                    "windowsConfiguration": {
                        "provisionVMAgent": true,
                        "enableAutomaticUpdates": true,
                        "patchSettings": {
                            "patchMode": "AutomaticByOS",
                            "assessmentMode": "ImageDefault",
                            "enableHotpatching": false
                        }
                    },
                    "secrets": [],
                    "allowExtensionOperations": true,
                    "requireGuestProvisionSignal": true
                },
                "networkProfile": {
                    "networkInterfaces": [
                        {
                            "id": "[resourceId('Microsoft.Network/networkInterfaces', parameters('networkInterfaces_north_europe_vm718_name'))]",
                            "properties": {
                                "deleteOption": "Detach"
                            }
                        }
                    ]
                },
                "diagnosticsProfile": {
                    "bootDiagnostics": {
                        "enabled": true
                    }
                }
            }
        },
        {
            "type": "Microsoft.Compute/virtualMachines",
            "apiVersion": "2022-03-01",
            "name": "[parameters('virtualMachines_south0uk_vm_2_name')]",
            "location": "uksouth",
            "dependsOn": [
                "[resourceId('Microsoft.Network/networkInterfaces', parameters('networkInterfaces_south0uk_vm_2471_name'))]"
            ],
            "properties": {
                "hardwareProfile": {
                    "vmSize": "Standard_D2s_v3"
                },
                "storageProfile": {
                    "imageReference": {
                        "publisher": "MicrosoftWindowsServer",
                        "offer": "WindowsServer",
                        "sku": "2019-datacenter-gensecond",
                        "version": "latest"
                    },
                    "osDisk": {
                        "osType": "Windows",
                        "name": "[concat(parameters('virtualMachines_south0uk_vm_2_name'), '_disk1_17e9c55bc0a44fabbbc90257697df6b1')]",
                        "createOption": "FromImage",
                        "caching": "ReadWrite",
                        "managedDisk": {
                            "storageAccountType": "Premium_LRS",
                            "id": "[resourceId('Microsoft.Compute/disks', concat(parameters('virtualMachines_south0uk_vm_2_name'), '_disk1_17e9c55bc0a44fabbbc90257697df6b1'))]"
                        },
                        "deleteOption": "Delete",
                        "diskSizeGB": 127
                    },
                    "dataDisks": []
                },
                "osProfile": {
                    "computerName": "[parameters('virtualMachines_south0uk_vm_2_name')]",
                    "adminUsername": "olamideilori",
                    "windowsConfiguration": {
                        "provisionVMAgent": true,
                        "enableAutomaticUpdates": true,
                        "patchSettings": {
                            "patchMode": "AutomaticByOS",
                            "assessmentMode": "ImageDefault",
                            "enableHotpatching": false
                        }
                    },
                    "secrets": [],
                    "allowExtensionOperations": true,
                    "requireGuestProvisionSignal": true
                },
                "networkProfile": {
                    "networkInterfaces": [
                        {
                            "id": "[resourceId('Microsoft.Network/networkInterfaces', parameters('networkInterfaces_south0uk_vm_2471_name'))]",
                            "properties": {
                                "deleteOption": "Detach"
                            }
                        }
                    ]
                },
                "diagnosticsProfile": {
                    "bootDiagnostics": {
                        "enabled": true
                    }
                }
            }
        },
        {
            "type": "Microsoft.Compute/virtualMachines",
            "apiVersion": "2022-03-01",
            "name": "[parameters('virtualMachines_south_uk_vm_name')]",
            "location": "uksouth",
            "dependsOn": [
                "[resourceId('Microsoft.Network/networkInterfaces', parameters('networkInterfaces_south_uk_vm465_name'))]"
            ],
            "properties": {
                "hardwareProfile": {
                    "vmSize": "Standard_D2s_v3"
                },
                "storageProfile": {
                    "imageReference": {
                        "publisher": "MicrosoftWindowsServer",
                        "offer": "WindowsServer",
                        "sku": "2019-datacenter-gensecond",
                        "version": "latest"
                    },
                    "osDisk": {
                        "osType": "Windows",
                        "name": "[concat(parameters('virtualMachines_south_uk_vm_name'), '_disk1_445267ed1e244063845960da52f05f15')]",
                        "createOption": "FromImage",
                        "caching": "ReadWrite",
                        "managedDisk": {
                            "storageAccountType": "Premium_LRS",
                            "id": "[resourceId('Microsoft.Compute/disks', concat(parameters('virtualMachines_south_uk_vm_name'), '_disk1_445267ed1e244063845960da52f05f15'))]"
                        },
                        "deleteOption": "Delete",
                        "diskSizeGB": 127
                    },
                    "dataDisks": []
                },
                "osProfile": {
                    "computerName": "[parameters('virtualMachines_south_uk_vm_name')]",
                    "adminUsername": "olamideilori",
                    "windowsConfiguration": {
                        "provisionVMAgent": true,
                        "enableAutomaticUpdates": true,
                        "patchSettings": {
                            "patchMode": "AutomaticByOS",
                            "assessmentMode": "ImageDefault",
                            "enableHotpatching": false
                        }
                    },
                    "secrets": [],
                    "allowExtensionOperations": true,
                    "requireGuestProvisionSignal": true
                },
                "networkProfile": {
                    "networkInterfaces": [
                        {
                            "id": "[resourceId('Microsoft.Network/networkInterfaces', parameters('networkInterfaces_south_uk_vm465_name'))]",
                            "properties": {
                                "deleteOption": "Detach"
                            }
                        }
                    ]
                },
                "diagnosticsProfile": {
                    "bootDiagnostics": {
                        "enabled": true
                    }
                }
            }
        },
        {
            "type": "Microsoft.Network/networkSecurityGroups",
            "apiVersion": "2022-01-01",
            "name": "[parameters('networkSecurityGroups_east_us_vm_nsg_name')]",
            "location": "eastus",
            "dependsOn": [
                "[resourceId('Microsoft.Network/networkSecurityGroups/securityRules', parameters('networkSecurityGroups_east_us_vm_nsg_name'), 'RDP')]"
            ],
            "properties": {
                "securityRules": [
                    {
                        "name": "RDP",
                        "id": "[resourceId('Microsoft.Network/networkSecurityGroups/securityRules', parameters('networkSecurityGroups_east_us_vm_nsg_name'), 'RDP')]",
                        "type": "Microsoft.Network/networkSecurityGroups/securityRules",
                        "properties": {
                            "protocol": "TCP",
                            "sourcePortRange": "*",
                            "destinationPortRange": "3389",
                            "sourceAddressPrefix": "*",
                            "destinationAddressPrefix": "*",
                            "access": "Allow",
                            "priority": 300,
                            "direction": "Inbound",
                            "sourcePortRanges": [],
                            "destinationPortRanges": [],
                            "sourceAddressPrefixes": [],
                            "destinationAddressPrefixes": []
                        }
                    }
                ]
            }
        },
        {
            "type": "Microsoft.Network/networkSecurityGroups",
            "apiVersion": "2022-01-01",
            "name": "[parameters('networkSecurityGroups_south0uk_vm_2_nsg_name')]",
            "location": "uksouth",
            "dependsOn": [
                "[resourceId('Microsoft.Network/networkSecurityGroups/securityRules', parameters('networkSecurityGroups_south0uk_vm_2_nsg_name'), 'RDP')]"
            ],
            "properties": {
                "securityRules": [
                    {
                        "name": "RDP",
                        "id": "[resourceId('Microsoft.Network/networkSecurityGroups/securityRules', parameters('networkSecurityGroups_south0uk_vm_2_nsg_name'), 'RDP')]",
                        "type": "Microsoft.Network/networkSecurityGroups/securityRules",
                        "properties": {
                            "protocol": "TCP",
                            "sourcePortRange": "*",
                            "destinationPortRange": "3389",
                            "sourceAddressPrefix": "*",
                            "destinationAddressPrefix": "*",
                            "access": "Allow",
                            "priority": 300,
                            "direction": "Inbound",
                            "sourcePortRanges": [],
                            "destinationPortRanges": [],
                            "sourceAddressPrefixes": [],
                            "destinationAddressPrefixes": []
                        }
                    }
                ]
            }
        },
        {
            "type": "Microsoft.Network/networkSecurityGroups/securityRules",
            "apiVersion": "2022-01-01",
            "name": "[concat(parameters('networkSecurityGroups_north_europe_vm_nsg_name'), '/HTTP')]",
            "dependsOn": [
                "[resourceId('Microsoft.Network/networkSecurityGroups', parameters('networkSecurityGroups_north_europe_vm_nsg_name'))]"
            ],
            "properties": {
                "protocol": "TCP",
                "sourcePortRange": "*",
                "destinationPortRange": "80",
                "sourceAddressPrefix": "*",
                "destinationAddressPrefix": "*",
                "access": "Allow",
                "priority": 320,
                "direction": "Inbound",
                "sourcePortRanges": [],
                "destinationPortRanges": [],
                "sourceAddressPrefixes": [],
                "destinationAddressPrefixes": []
            }
        },
        {
            "type": "Microsoft.Network/networkSecurityGroups/securityRules",
            "apiVersion": "2022-01-01",
            "name": "[concat(parameters('networkSecurityGroups_south_uk_vm_nsg_name'), '/HTTP')]",
            "dependsOn": [
                "[resourceId('Microsoft.Network/networkSecurityGroups', parameters('networkSecurityGroups_south_uk_vm_nsg_name'))]"
            ],
            "properties": {
                "protocol": "TCP",
                "sourcePortRange": "*",
                "destinationPortRange": "80",
                "sourceAddressPrefix": "*",
                "destinationAddressPrefix": "*",
                "access": "Allow",
                "priority": 320,
                "direction": "Inbound",
                "sourcePortRanges": [],
                "destinationPortRanges": [],
                "sourceAddressPrefixes": [],
                "destinationAddressPrefixes": []
            }
        },
        {
            "type": "Microsoft.Network/networkSecurityGroups/securityRules",
            "apiVersion": "2022-01-01",
            "name": "[concat(parameters('networkSecurityGroups_east_us_vm_nsg_name'), '/RDP')]",
            "dependsOn": [
                "[resourceId('Microsoft.Network/networkSecurityGroups', parameters('networkSecurityGroups_east_us_vm_nsg_name'))]"
            ],
            "properties": {
                "protocol": "TCP",
                "sourcePortRange": "*",
                "destinationPortRange": "3389",
                "sourceAddressPrefix": "*",
                "destinationAddressPrefix": "*",
                "access": "Allow",
                "priority": 300,
                "direction": "Inbound",
                "sourcePortRanges": [],
                "destinationPortRanges": [],
                "sourceAddressPrefixes": [],
                "destinationAddressPrefixes": []
            }
        },
        {
            "type": "Microsoft.Network/networkSecurityGroups/securityRules",
            "apiVersion": "2022-01-01",
            "name": "[concat(parameters('networkSecurityGroups_north_europe_vm_nsg_name'), '/RDP')]",
            "dependsOn": [
                "[resourceId('Microsoft.Network/networkSecurityGroups', parameters('networkSecurityGroups_north_europe_vm_nsg_name'))]"
            ],
            "properties": {
                "protocol": "TCP",
                "sourcePortRange": "*",
                "destinationPortRange": "3389",
                "sourceAddressPrefix": "*",
                "destinationAddressPrefix": "*",
                "access": "Allow",
                "priority": 300,
                "direction": "Inbound",
                "sourcePortRanges": [],
                "destinationPortRanges": [],
                "sourceAddressPrefixes": [],
                "destinationAddressPrefixes": []
            }
        },
        {
            "type": "Microsoft.Network/networkSecurityGroups/securityRules",
            "apiVersion": "2022-01-01",
            "name": "[concat(parameters('networkSecurityGroups_south0uk_vm_2_nsg_name'), '/RDP')]",
            "dependsOn": [
                "[resourceId('Microsoft.Network/networkSecurityGroups', parameters('networkSecurityGroups_south0uk_vm_2_nsg_name'))]"
            ],
            "properties": {
                "protocol": "TCP",
                "sourcePortRange": "*",
                "destinationPortRange": "3389",
                "sourceAddressPrefix": "*",
                "destinationAddressPrefix": "*",
                "access": "Allow",
                "priority": 300,
                "direction": "Inbound",
                "sourcePortRanges": [],
                "destinationPortRanges": [],
                "sourceAddressPrefixes": [],
                "destinationAddressPrefixes": []
            }
        },
        {
            "type": "Microsoft.Network/networkSecurityGroups/securityRules",
            "apiVersion": "2022-01-01",
            "name": "[concat(parameters('networkSecurityGroups_south_uk_vm_nsg_name'), '/RDP')]",
            "dependsOn": [
                "[resourceId('Microsoft.Network/networkSecurityGroups', parameters('networkSecurityGroups_south_uk_vm_nsg_name'))]"
            ],
            "properties": {
                "protocol": "TCP",
                "sourcePortRange": "*",
                "destinationPortRange": "3389",
                "sourceAddressPrefix": "*",
                "destinationAddressPrefix": "*",
                "access": "Allow",
                "priority": 300,
                "direction": "Inbound",
                "sourcePortRanges": [],
                "destinationPortRanges": [],
                "sourceAddressPrefixes": [],
                "destinationAddressPrefixes": []
            }
        },
        {
            "type": "Microsoft.Network/virtualNetworks",
            "apiVersion": "2022-01-01",
            "name": "[parameters('virtualNetworks_south_uk_2_network_name')]",
            "location": "uksouth",
            "dependsOn": [
                "[resourceId('Microsoft.Network/virtualNetworks/subnets', parameters('virtualNetworks_south_uk_2_network_name'), 'default')]"
            ],
            "properties": {
                "addressSpace": {
                    "addressPrefixes": [
                        "10.2.0.0/16"
                    ]
                },
                "subnets": [
                    {
                        "name": "default",
                        "id": "[resourceId('Microsoft.Network/virtualNetworks/subnets', parameters('virtualNetworks_south_uk_2_network_name'), 'default')]",
                        "properties": {
                            "addressPrefix": "10.2.0.0/24",
                            "delegations": [],
                            "privateEndpointNetworkPolicies": "Disabled",
                            "privateLinkServiceNetworkPolicies": "Enabled"
                        },
                        "type": "Microsoft.Network/virtualNetworks/subnets"
                    }
                ],
                "virtualNetworkPeerings": [],
                "enableDdosProtection": false
            }
        },
        {
            "type": "Microsoft.Network/virtualNetworks",
            "apiVersion": "2022-01-01",
            "name": "[parameters('virtualNetworks_traffic_manager_rg_vnet_name')]",
            "location": "northeurope",
            "dependsOn": [
                "[resourceId('Microsoft.Network/virtualNetworks/subnets', parameters('virtualNetworks_traffic_manager_rg_vnet_name'), 'default')]"
            ],
            "properties": {
                "addressSpace": {
                    "addressPrefixes": [
                        "10.0.0.0/16"
                    ]
                },
                "subnets": [
                    {
                        "name": "default",
                        "id": "[resourceId('Microsoft.Network/virtualNetworks/subnets', parameters('virtualNetworks_traffic_manager_rg_vnet_name'), 'default')]",
                        "properties": {
                            "addressPrefix": "10.0.0.0/24",
                            "delegations": [],
                            "privateEndpointNetworkPolicies": "Disabled",
                            "privateLinkServiceNetworkPolicies": "Enabled"
                        },
                        "type": "Microsoft.Network/virtualNetworks/subnets"
                    }
                ],
                "virtualNetworkPeerings": [],
                "enableDdosProtection": false
            }
        },
        {
            "type": "Microsoft.Network/virtualNetworks",
            "apiVersion": "2022-01-01",
            "name": "[parameters('virtualNetworks_trafficmanagerrgvnet485_name')]",
            "location": "eastus",
            "dependsOn": [
                "[resourceId('Microsoft.Network/virtualNetworks/subnets', parameters('virtualNetworks_trafficmanagerrgvnet485_name'), 'default')]"
            ],
            "properties": {
                "addressSpace": {
                    "addressPrefixes": [
                        "10.3.0.0/16"
                    ]
                },
                "subnets": [
                    {
                        "name": "default",
                        "id": "[resourceId('Microsoft.Network/virtualNetworks/subnets', parameters('virtualNetworks_trafficmanagerrgvnet485_name'), 'default')]",
                        "properties": {
                            "addressPrefix": "10.3.0.0/24",
                            "delegations": [],
                            "privateEndpointNetworkPolicies": "Disabled",
                            "privateLinkServiceNetworkPolicies": "Enabled"
                        },
                        "type": "Microsoft.Network/virtualNetworks/subnets"
                    }
                ],
                "virtualNetworkPeerings": [],
                "enableDdosProtection": false
            }
        },
        {
            "type": "Microsoft.Network/virtualNetworks",
            "apiVersion": "2022-01-01",
            "name": "[parameters('virtualNetworks_trafficmanagerrgvnet611_name')]",
            "location": "uksouth",
            "dependsOn": [
                "[resourceId('Microsoft.Network/virtualNetworks/subnets', parameters('virtualNetworks_trafficmanagerrgvnet611_name'), 'default')]"
            ],
            "properties": {
                "addressSpace": {
                    "addressPrefixes": [
                        "10.1.0.0/16"
                    ]
                },
                "subnets": [
                    {
                        "name": "default",
                        "id": "[resourceId('Microsoft.Network/virtualNetworks/subnets', parameters('virtualNetworks_trafficmanagerrgvnet611_name'), 'default')]",
                        "properties": {
                            "addressPrefix": "10.1.0.0/24",
                            "delegations": [],
                            "privateEndpointNetworkPolicies": "Disabled",
                            "privateLinkServiceNetworkPolicies": "Enabled"
                        },
                        "type": "Microsoft.Network/virtualNetworks/subnets"
                    }
                ],
                "virtualNetworkPeerings": [],
                "enableDdosProtection": false
            }
        },
        {
            "type": "Microsoft.Network/virtualNetworks/subnets",
            "apiVersion": "2022-01-01",
            "name": "[concat(parameters('virtualNetworks_south_uk_2_network_name'), '/default')]",
            "dependsOn": [
                "[resourceId('Microsoft.Network/virtualNetworks', parameters('virtualNetworks_south_uk_2_network_name'))]"
            ],
            "properties": {
                "addressPrefix": "10.2.0.0/24",
                "delegations": [],
                "privateEndpointNetworkPolicies": "Disabled",
                "privateLinkServiceNetworkPolicies": "Enabled"
            }
        },
        {
            "type": "Microsoft.Network/virtualNetworks/subnets",
            "apiVersion": "2022-01-01",
            "name": "[concat(parameters('virtualNetworks_traffic_manager_rg_vnet_name'), '/default')]",
            "dependsOn": [
                "[resourceId('Microsoft.Network/virtualNetworks', parameters('virtualNetworks_traffic_manager_rg_vnet_name'))]"
            ],
            "properties": {
                "addressPrefix": "10.0.0.0/24",
                "delegations": [],
                "privateEndpointNetworkPolicies": "Disabled",
                "privateLinkServiceNetworkPolicies": "Enabled"
            }
        },
        {
            "type": "Microsoft.Network/virtualNetworks/subnets",
            "apiVersion": "2022-01-01",
            "name": "[concat(parameters('virtualNetworks_trafficmanagerrgvnet485_name'), '/default')]",
            "dependsOn": [
                "[resourceId('Microsoft.Network/virtualNetworks', parameters('virtualNetworks_trafficmanagerrgvnet485_name'))]"
            ],
            "properties": {
                "addressPrefix": "10.3.0.0/24",
                "delegations": [],
                "privateEndpointNetworkPolicies": "Disabled",
                "privateLinkServiceNetworkPolicies": "Enabled"
            }
        },
        {
            "type": "Microsoft.Network/virtualNetworks/subnets",
            "apiVersion": "2022-01-01",
            "name": "[concat(parameters('virtualNetworks_trafficmanagerrgvnet611_name'), '/default')]",
            "dependsOn": [
                "[resourceId('Microsoft.Network/virtualNetworks', parameters('virtualNetworks_trafficmanagerrgvnet611_name'))]"
            ],
            "properties": {
                "addressPrefix": "10.1.0.0/24",
                "delegations": [],
                "privateEndpointNetworkPolicies": "Disabled",
                "privateLinkServiceNetworkPolicies": "Enabled"
            }
        },
        {
            "type": "Microsoft.Network/networkSecurityGroups",
            "apiVersion": "2022-01-01",
            "name": "[parameters('networkSecurityGroups_north_europe_vm_nsg_name')]",
            "location": "northeurope",
            "dependsOn": [
                "[resourceId('Microsoft.Network/networkSecurityGroups/securityRules', parameters('networkSecurityGroups_north_europe_vm_nsg_name'), 'RDP')]",
                "[resourceId('Microsoft.Network/networkSecurityGroups/securityRules', parameters('networkSecurityGroups_north_europe_vm_nsg_name'), 'HTTP')]"
            ],
            "properties": {
                "securityRules": [
                    {
                        "name": "RDP",
                        "id": "[resourceId('Microsoft.Network/networkSecurityGroups/securityRules', parameters('networkSecurityGroups_north_europe_vm_nsg_name'), 'RDP')]",
                        "type": "Microsoft.Network/networkSecurityGroups/securityRules",
                        "properties": {
                            "protocol": "TCP",
                            "sourcePortRange": "*",
                            "destinationPortRange": "3389",
                            "sourceAddressPrefix": "*",
                            "destinationAddressPrefix": "*",
                            "access": "Allow",
                            "priority": 300,
                            "direction": "Inbound",
                            "sourcePortRanges": [],
                            "destinationPortRanges": [],
                            "sourceAddressPrefixes": [],
                            "destinationAddressPrefixes": []
                        }
                    },
                    {
                        "name": "HTTP",
                        "id": "[resourceId('Microsoft.Network/networkSecurityGroups/securityRules', parameters('networkSecurityGroups_north_europe_vm_nsg_name'), 'HTTP')]",
                        "type": "Microsoft.Network/networkSecurityGroups/securityRules",
                        "properties": {
                            "protocol": "TCP",
                            "sourcePortRange": "*",
                            "destinationPortRange": "80",
                            "sourceAddressPrefix": "*",
                            "destinationAddressPrefix": "*",
                            "access": "Allow",
                            "priority": 320,
                            "direction": "Inbound",
                            "sourcePortRanges": [],
                            "destinationPortRanges": [],
                            "sourceAddressPrefixes": [],
                            "destinationAddressPrefixes": []
                        }
                    }
                ]
            }
        },
        {
            "type": "Microsoft.Network/networkSecurityGroups",
            "apiVersion": "2022-01-01",
            "name": "[parameters('networkSecurityGroups_south_uk_vm_nsg_name')]",
            "location": "uksouth",
            "dependsOn": [
                "[resourceId('Microsoft.Network/networkSecurityGroups/securityRules', parameters('networkSecurityGroups_south_uk_vm_nsg_name'), 'RDP')]",
                "[resourceId('Microsoft.Network/networkSecurityGroups/securityRules', parameters('networkSecurityGroups_south_uk_vm_nsg_name'), 'HTTP')]"
            ],
            "properties": {
                "securityRules": [
                    {
                        "name": "RDP",
                        "id": "[resourceId('Microsoft.Network/networkSecurityGroups/securityRules', parameters('networkSecurityGroups_south_uk_vm_nsg_name'), 'RDP')]",
                        "type": "Microsoft.Network/networkSecurityGroups/securityRules",
                        "properties": {
                            "protocol": "TCP",
                            "sourcePortRange": "*",
                            "destinationPortRange": "3389",
                            "sourceAddressPrefix": "*",
                            "destinationAddressPrefix": "*",
                            "access": "Allow",
                            "priority": 300,
                            "direction": "Inbound",
                            "sourcePortRanges": [],
                            "destinationPortRanges": [],
                            "sourceAddressPrefixes": [],
                            "destinationAddressPrefixes": []
                        }
                    },
                    {
                        "name": "HTTP",
                        "id": "[resourceId('Microsoft.Network/networkSecurityGroups/securityRules', parameters('networkSecurityGroups_south_uk_vm_nsg_name'), 'HTTP')]",
                        "type": "Microsoft.Network/networkSecurityGroups/securityRules",
                        "properties": {
                            "protocol": "TCP",
                            "sourcePortRange": "*",
                            "destinationPortRange": "80",
                            "sourceAddressPrefix": "*",
                            "destinationAddressPrefix": "*",
                            "access": "Allow",
                            "priority": 320,
                            "direction": "Inbound",
                            "sourcePortRanges": [],
                            "destinationPortRanges": [],
                            "sourceAddressPrefixes": [],
                            "destinationAddressPrefixes": []
                        }
                    }
                ]
            }
        },
        {
            "type": "Microsoft.Network/trafficManagerProfiles",
            "apiVersion": "2018-04-01",
            "name": "[parameters('trafficManagerProfiles_app00001_name')]",
            "location": "global",
            "dependsOn": [
                "[resourceId('Microsoft.Network/publicIPAddresses', parameters('publicIPAddresses_north_europe_vm_ip_name'))]",
                "[resourceId('Microsoft.Network/trafficManagerProfiles', parameters('trafficManagerProfiles_app00002_name'))]"
            ],
            "properties": {
                "profileStatus": "Enabled",
                "trafficRoutingMethod": "Performance",
                "dnsConfig": {
                    "relativeName": "[parameters('trafficManagerProfiles_app00001_name')]",
                    "ttl": 60
                },
                "monitorConfig": {
                    "profileMonitorStatus": "Degraded",
                    "protocol": "HTTP",
                    "port": 80,
                    "path": "/",
                    "intervalInSeconds": 30,
                    "toleratedNumberOfFailures": 3,
                    "timeoutInSeconds": 10
                },
                "endpoints": [
                    {
                        "id": "[concat(resourceId('Microsoft.Network/trafficManagerProfiles', parameters('trafficManagerProfiles_app00001_name')), '/azureEndpoints/north-europe')]",
                        "name": "north-europe",
                        "type": "Microsoft.Network/trafficManagerProfiles/azureEndpoints",
                        "properties": {
                            "endpointStatus": "Enabled",
                            "endpointMonitorStatus": "Online",
                            "targetResourceId": "[resourceId('Microsoft.Network/publicIPAddresses', parameters('publicIPAddresses_north_europe_vm_ip_name'))]",
                            "target": "north-europe-vm.northeurope.cloudapp.azure.com",
                            "weight": 1,
                            "priority": 1,
                            "endpointLocation": "North Europe"
                        }
                    },
                    {
                        "id": "[concat(resourceId('Microsoft.Network/trafficManagerProfiles', parameters('trafficManagerProfiles_app00001_name')), '/nestedEndpoints/endpoint2')]",
                        "name": "endpoint2",
                        "type": "Microsoft.Network/trafficManagerProfiles/nestedEndpoints",
                        "properties": {
                            "endpointStatus": "Enabled",
                            "endpointMonitorStatus": "Degraded",
                            "targetResourceId": "[resourceId('Microsoft.Network/trafficManagerProfiles', parameters('trafficManagerProfiles_app00002_name'))]",
                            "target": "app00002.trafficmanager.net",
                            "weight": 1,
                            "priority": 2,
                            "endpointLocation": "UK South",
                            "minChildEndpoints": 2
                        }
                    }
                ],
                "trafficViewEnrollmentStatus": "Disabled",
                "maxReturn": 2
            }
        },
        {
            "type": "Microsoft.Network/trafficManagerProfiles",
            "apiVersion": "2018-04-01",
            "name": "[parameters('trafficManagerProfiles_app00002_name')]",
            "location": "global",
            "dependsOn": [
                "[resourceId('Microsoft.Network/publicIPAddresses', parameters('publicIPAddresses_south_uk_vm_ip_name'))]",
                "[resourceId('Microsoft.Network/publicIPAddresses', parameters('publicIPAddresses_south0uk_vm_2_ip_name'))]"
            ],
            "properties": {
                "profileStatus": "Enabled",
                "trafficRoutingMethod": "Priority",
                "dnsConfig": {
                    "relativeName": "[parameters('trafficManagerProfiles_app00002_name')]",
                    "ttl": 60
                },
                "monitorConfig": {
                    "profileMonitorStatus": "Degraded",
                    "protocol": "HTTP",
                    "port": 80,
                    "path": "/",
                    "intervalInSeconds": 30,
                    "toleratedNumberOfFailures": 3,
                    "timeoutInSeconds": 10
                },
                "endpoints": [
                    {
                        "id": "[concat(resourceId('Microsoft.Network/trafficManagerProfiles', parameters('trafficManagerProfiles_app00002_name')), '/azureEndpoints/uk-south-1')]",
                        "name": "uk-south-1",
                        "type": "Microsoft.Network/trafficManagerProfiles/azureEndpoints",
                        "properties": {
                            "endpointStatus": "Enabled",
                            "endpointMonitorStatus": "Online",
                            "targetResourceId": "[resourceId('Microsoft.Network/publicIPAddresses', parameters('publicIPAddresses_south_uk_vm_ip_name'))]",
                            "target": "south-uk-vm.uksouth.cloudapp.azure.com",
                            "weight": 1,
                            "priority": 1,
                            "endpointLocation": "UK South"
                        }
                    },
                    {
                        "id": "[concat(resourceId('Microsoft.Network/trafficManagerProfiles', parameters('trafficManagerProfiles_app00002_name')), '/azureEndpoints/uk-south-2')]",
                        "name": "uk-south-2",
                        "type": "Microsoft.Network/trafficManagerProfiles/azureEndpoints",
                        "properties": {
                            "endpointStatus": "Enabled",
                            "endpointMonitorStatus": "Degraded",
                            "targetResourceId": "[resourceId('Microsoft.Network/publicIPAddresses', parameters('publicIPAddresses_south0uk_vm_2_ip_name'))]",
                            "target": "south-uk-vm-2.uksouth.cloudapp.azure.com",
                            "weight": 1,
                            "priority": 2,
                            "endpointLocation": "UK South"
                        }
                    }
                ],
                "trafficViewEnrollmentStatus": "Disabled",
                "maxReturn": 0
            }
        },
        {
            "type": "Microsoft.Network/networkInterfaces",
            "apiVersion": "2022-01-01",
            "name": "[parameters('networkInterfaces_east_us_vm759_name')]",
            "location": "eastus",
            "dependsOn": [
                "[resourceId('Microsoft.Network/publicIPAddresses', parameters('publicIPAddresses_east_us_vm_ip_name'))]",
                "[resourceId('Microsoft.Network/virtualNetworks/subnets', parameters('virtualNetworks_trafficmanagerrgvnet485_name'), 'default')]",
                "[resourceId('Microsoft.Network/networkSecurityGroups', parameters('networkSecurityGroups_east_us_vm_nsg_name'))]"
            ],
            "kind": "Regular",
            "properties": {
                "ipConfigurations": [
                    {
                        "name": "ipconfig1",
                        "id": "[concat(resourceId('Microsoft.Network/networkInterfaces', parameters('networkInterfaces_east_us_vm759_name')), '/ipConfigurations/ipconfig1')]",
                        "etag": "W/\"092cb80d-c796-4e22-978d-e8d1d7341717\"",
                        "type": "Microsoft.Network/networkInterfaces/ipConfigurations",
                        "properties": {
                            "provisioningState": "Succeeded",
                            "privateIPAddress": "10.3.0.4",
                            "privateIPAllocationMethod": "Dynamic",
                            "publicIPAddress": {
                                "name": "east-us-vm-ip",
                                "id": "[resourceId('Microsoft.Network/publicIPAddresses', parameters('publicIPAddresses_east_us_vm_ip_name'))]",
                                "properties": {
                                    "provisioningState": "Succeeded",
                                    "resourceGuid": "d31d622f-d822-4b5a-8cf1-1578ec1e3ea9",
                                    "publicIPAddressVersion": "IPv4",
                                    "publicIPAllocationMethod": "Dynamic",
                                    "idleTimeoutInMinutes": 4,
                                    "ipTags": [],
                                    "ipConfiguration": {
                                        "id": "[concat(resourceId('Microsoft.Network/networkInterfaces', parameters('networkInterfaces_east_us_vm759_name')), '/ipConfigurations/ipconfig1')]"
                                    },
                                    "deleteOption": "Detach"
                                },
                                "type": "Microsoft.Network/publicIPAddresses",
                                "sku": {
                                    "name": "Basic",
                                    "tier": "Regional"
                                }
                            },
                            "subnet": {
                                "id": "[resourceId('Microsoft.Network/virtualNetworks/subnets', parameters('virtualNetworks_trafficmanagerrgvnet485_name'), 'default')]"
                            },
                            "primary": true,
                            "privateIPAddressVersion": "IPv4"
                        }
                    }
                ],
                "dnsSettings": {
                    "dnsServers": []
                },
                "enableAcceleratedNetworking": true,
                "enableIPForwarding": false,
                "networkSecurityGroup": {
                    "id": "[resourceId('Microsoft.Network/networkSecurityGroups', parameters('networkSecurityGroups_east_us_vm_nsg_name'))]"
                },
                "nicType": "Standard"
            }
        },
        {
            "type": "Microsoft.Network/networkInterfaces",
            "apiVersion": "2022-01-01",
            "name": "[parameters('networkInterfaces_north_europe_vm718_name')]",
            "location": "northeurope",
            "dependsOn": [
                "[resourceId('Microsoft.Network/publicIPAddresses', parameters('publicIPAddresses_north_europe_vm_ip_name'))]",
                "[resourceId('Microsoft.Network/virtualNetworks/subnets', parameters('virtualNetworks_traffic_manager_rg_vnet_name'), 'default')]",
                "[resourceId('Microsoft.Network/networkSecurityGroups', parameters('networkSecurityGroups_north_europe_vm_nsg_name'))]"
            ],
            "kind": "Regular",
            "properties": {
                "ipConfigurations": [
                    {
                        "name": "ipconfig1",
                        "id": "[concat(resourceId('Microsoft.Network/networkInterfaces', parameters('networkInterfaces_north_europe_vm718_name')), '/ipConfigurations/ipconfig1')]",
                        "etag": "W/\"f1f06776-3cc8-4b1b-b81f-f67c84639296\"",
                        "type": "Microsoft.Network/networkInterfaces/ipConfigurations",
                        "properties": {
                            "provisioningState": "Succeeded",
                            "privateIPAddress": "10.0.0.4",
                            "privateIPAllocationMethod": "Dynamic",
                            "publicIPAddress": {
                                "name": "north-europe-vm-ip",
                                "id": "[resourceId('Microsoft.Network/publicIPAddresses', parameters('publicIPAddresses_north_europe_vm_ip_name'))]",
                                "properties": {
                                    "provisioningState": "Succeeded",
                                    "resourceGuid": "a8fcfd1d-08aa-485e-8221-28683f426dab",
                                    "publicIPAddressVersion": "IPv4",
                                    "publicIPAllocationMethod": "Dynamic",
                                    "idleTimeoutInMinutes": 4,
                                    "ipTags": [],
                                    "ipConfiguration": {
                                        "id": "[concat(resourceId('Microsoft.Network/networkInterfaces', parameters('networkInterfaces_north_europe_vm718_name')), '/ipConfigurations/ipconfig1')]"
                                    },
                                    "deleteOption": "Detach"
                                },
                                "type": "Microsoft.Network/publicIPAddresses",
                                "sku": {
                                    "name": "Basic",
                                    "tier": "Regional"
                                }
                            },
                            "subnet": {
                                "id": "[resourceId('Microsoft.Network/virtualNetworks/subnets', parameters('virtualNetworks_traffic_manager_rg_vnet_name'), 'default')]"
                            },
                            "primary": true,
                            "privateIPAddressVersion": "IPv4"
                        }
                    }
                ],
                "dnsSettings": {
                    "dnsServers": []
                },
                "enableAcceleratedNetworking": true,
                "enableIPForwarding": false,
                "networkSecurityGroup": {
                    "id": "[resourceId('Microsoft.Network/networkSecurityGroups', parameters('networkSecurityGroups_north_europe_vm_nsg_name'))]"
                },
                "nicType": "Standard"
            }
        },
        {
            "type": "Microsoft.Network/networkInterfaces",
            "apiVersion": "2022-01-01",
            "name": "[parameters('networkInterfaces_south0uk_vm_2471_name')]",
            "location": "uksouth",
            "dependsOn": [
                "[resourceId('Microsoft.Network/publicIPAddresses', parameters('publicIPAddresses_south0uk_vm_2_ip_name'))]",
                "[resourceId('Microsoft.Network/virtualNetworks/subnets', parameters('virtualNetworks_south_uk_2_network_name'), 'default')]",
                "[resourceId('Microsoft.Network/networkSecurityGroups', parameters('networkSecurityGroups_south0uk_vm_2_nsg_name'))]"
            ],
            "kind": "Regular",
            "properties": {
                "ipConfigurations": [
                    {
                        "name": "ipconfig1",
                        "id": "[concat(resourceId('Microsoft.Network/networkInterfaces', parameters('networkInterfaces_south0uk_vm_2471_name')), '/ipConfigurations/ipconfig1')]",
                        "etag": "W/\"f8aa6b47-d644-4910-831f-2e04f5e41487\"",
                        "type": "Microsoft.Network/networkInterfaces/ipConfigurations",
                        "properties": {
                            "provisioningState": "Succeeded",
                            "privateIPAddress": "10.2.0.4",
                            "privateIPAllocationMethod": "Dynamic",
                            "publicIPAddress": {
                                "name": "south0uk-vm-2-ip",
                                "id": "[resourceId('Microsoft.Network/publicIPAddresses', parameters('publicIPAddresses_south0uk_vm_2_ip_name'))]",
                                "properties": {
                                    "provisioningState": "Succeeded",
                                    "resourceGuid": "9c6ac90e-d0d6-4b55-90ca-c8c2f5034caf",
                                    "publicIPAddressVersion": "IPv4",
                                    "publicIPAllocationMethod": "Dynamic",
                                    "idleTimeoutInMinutes": 4,
                                    "ipTags": [],
                                    "ipConfiguration": {
                                        "id": "[concat(resourceId('Microsoft.Network/networkInterfaces', parameters('networkInterfaces_south0uk_vm_2471_name')), '/ipConfigurations/ipconfig1')]"
                                    },
                                    "deleteOption": "Detach"
                                },
                                "type": "Microsoft.Network/publicIPAddresses",
                                "sku": {
                                    "name": "Basic",
                                    "tier": "Regional"
                                }
                            },
                            "subnet": {
                                "id": "[resourceId('Microsoft.Network/virtualNetworks/subnets', parameters('virtualNetworks_south_uk_2_network_name'), 'default')]"
                            },
                            "primary": true,
                            "privateIPAddressVersion": "IPv4"
                        }
                    }
                ],
                "dnsSettings": {
                    "dnsServers": []
                },
                "enableAcceleratedNetworking": true,
                "enableIPForwarding": false,
                "networkSecurityGroup": {
                    "id": "[resourceId('Microsoft.Network/networkSecurityGroups', parameters('networkSecurityGroups_south0uk_vm_2_nsg_name'))]"
                },
                "nicType": "Standard"
            }
        },
        {
            "type": "Microsoft.Network/networkInterfaces",
            "apiVersion": "2022-01-01",
            "name": "[parameters('networkInterfaces_south_uk_vm465_name')]",
            "location": "uksouth",
            "dependsOn": [
                "[resourceId('Microsoft.Network/publicIPAddresses', parameters('publicIPAddresses_south_uk_vm_ip_name'))]",
                "[resourceId('Microsoft.Network/virtualNetworks/subnets', parameters('virtualNetworks_trafficmanagerrgvnet611_name'), 'default')]",
                "[resourceId('Microsoft.Network/networkSecurityGroups', parameters('networkSecurityGroups_south_uk_vm_nsg_name'))]"
            ],
            "kind": "Regular",
            "properties": {
                "ipConfigurations": [
                    {
                        "name": "ipconfig1",
                        "id": "[concat(resourceId('Microsoft.Network/networkInterfaces', parameters('networkInterfaces_south_uk_vm465_name')), '/ipConfigurations/ipconfig1')]",
                        "etag": "W/\"0c430f11-a618-4653-ad8b-b37fecbda94e\"",
                        "type": "Microsoft.Network/networkInterfaces/ipConfigurations",
                        "properties": {
                            "provisioningState": "Succeeded",
                            "privateIPAddress": "10.1.0.4",
                            "privateIPAllocationMethod": "Dynamic",
                            "publicIPAddress": {
                                "name": "south-uk-vm-ip",
                                "id": "[resourceId('Microsoft.Network/publicIPAddresses', parameters('publicIPAddresses_south_uk_vm_ip_name'))]",
                                "properties": {
                                    "provisioningState": "Succeeded",
                                    "resourceGuid": "22666177-2dd7-4bf6-92ff-261443814733",
                                    "publicIPAddressVersion": "IPv4",
                                    "publicIPAllocationMethod": "Dynamic",
                                    "idleTimeoutInMinutes": 4,
                                    "ipTags": [],
                                    "ipConfiguration": {
                                        "id": "[concat(resourceId('Microsoft.Network/networkInterfaces', parameters('networkInterfaces_south_uk_vm465_name')), '/ipConfigurations/ipconfig1')]"
                                    },
                                    "deleteOption": "Detach"
                                },
                                "type": "Microsoft.Network/publicIPAddresses",
                                "sku": {
                                    "name": "Basic",
                                    "tier": "Regional"
                                }
                            },
                            "subnet": {
                                "id": "[resourceId('Microsoft.Network/virtualNetworks/subnets', parameters('virtualNetworks_trafficmanagerrgvnet611_name'), 'default')]"
                            },
                            "primary": true,
                            "privateIPAddressVersion": "IPv4"
                        }
                    }
                ],
                "dnsSettings": {
                    "dnsServers": []
                },
                "enableAcceleratedNetworking": true,
                "enableIPForwarding": false,
                "networkSecurityGroup": {
                    "id": "[resourceId('Microsoft.Network/networkSecurityGroups', parameters('networkSecurityGroups_south_uk_vm_nsg_name'))]"
                },
                "nicType": "Standard"
            }
        }
    ]
}