{
    "$schema": "https://schema.management.azure.com/schemas/2015-01-01/deploymentParameters.json#",
    "contentVersion": "1.0.0.0",
    "parameters": {
        "virtualMachines_demovm_name": {
            "value": null
        },
        "virtualMachines_jumpvm_name": {
            "value": null
        },
        "natGateways_network_nat_name": {
            "value": null
        },
        "networkInterfaces_jumpvm599_name": {
            "value": null
        },
        "publicIPAddresses_jumpvm_ip_name": {
            "value": null
        },
        "publicIPAddresses_nat_public_name": {
            "value": null
        },
        "virtualNetworks_nat_grp_vnet_name": {
            "value": null
        },
        "networkSecurityGroups_jumpvm_nsg_name": {
            "value": null
        },
        "disks_demovm_disk1_08993fa9a1934e8f87f2021389cf9803_externalid": {
            "value": null
        },
        "networkInterfaces_demovm298_externalid": {
            "value": null
        }
    }
}