{
    "$schema": "https://schema.management.azure.com/schemas/2019-04-01/deploymentTemplate.json#",
    "contentVersion": "1.0.0.0",
    "parameters": {
        "virtualMachines_demovm_name": {
            "defaultValue": "demovm",
            "type": "String"
        },
        "virtualMachines_jumpvm_name": {
            "defaultValue": "jumpvm",
            "type": "String"
        },
        "natGateways_network_nat_name": {
            "defaultValue": "network-nat",
            "type": "String"
        },
        "networkInterfaces_jumpvm599_name": {
            "defaultValue": "jumpvm599",
            "type": "String"
        },
        "publicIPAddresses_jumpvm_ip_name": {
            "defaultValue": "jumpvm-ip",
            "type": "String"
        },
        "publicIPAddresses_nat_public_name": {
            "defaultValue": "nat-public",
            "type": "String"
        },
        "virtualNetworks_nat_grp_vnet_name": {
            "defaultValue": "nat-grp-vnet",
            "type": "String"
        },
        "networkSecurityGroups_jumpvm_nsg_name": {
            "defaultValue": "jumpvm-nsg",
            "type": "String"
        },
        "disks_demovm_disk1_08993fa9a1934e8f87f2021389cf9803_externalid": {
            "defaultValue": "/subscriptions/1e950dd0-77af-4a6c-bf38-73cf98cf18f4/resourceGroups/demovm_group/providers/Microsoft.Compute/disks/demovm_disk1_08993fa9a1934e8f87f2021389cf9803",
            "type": "String"
        },
        "networkInterfaces_demovm298_externalid": {
            "defaultValue": "/subscriptions/1e950dd0-77af-4a6c-bf38-73cf98cf18f4/resourceGroups/demovm_group/providers/Microsoft.Network/networkInterfaces/demovm298",
            "type": "String"
        }
    },
    "variables": {},
    "resources": [
        {
            "type": "Microsoft.Compute/virtualMachines",
            "apiVersion": "2022-08-01",
            "name": "[parameters('virtualMachines_demovm_name')]",
            "location": "northeurope",
            "properties": {
                "hardwareProfile": {
                    "vmSize": "Standard_D2s_v3"
                },
                "storageProfile": {
                    "imageReference": {
                        "publisher": "MicrosoftWindowsServer",
                        "offer": "WindowsServer",
                        "sku": "2019-datacenter-gensecond",
                        "version": "latest"
                    },
                    "osDisk": {
                        "osType": "Windows",
                        "name": "[concat(parameters('virtualMachines_demovm_name'), '_disk1_08993fa9a1934e8f87f2021389cf9803')]",
                        "createOption": "FromImage",
                        "caching": "ReadWrite",
                        "managedDisk": {
                            "storageAccountType": "Premium_LRS",
                            "id": "[parameters('disks_demovm_disk1_08993fa9a1934e8f87f2021389cf9803_externalid')]"
                        },
                        "deleteOption": "Delete",
                        "diskSizeGB": 127
                    },
                    "dataDisks": []
                },
                "osProfile": {
                    "computerName": "[parameters('virtualMachines_demovm_name')]",
                    "adminUsername": "olamideilori",
                    "windowsConfiguration": {
                        "provisionVMAgent": true,
                        "enableAutomaticUpdates": true,
                        "patchSettings": {
                            "patchMode": "AutomaticByOS",
                            "assessmentMode": "ImageDefault",
                            "enableHotpatching": false
                        },
                        "enableVMAgentPlatformUpdates": false
                    },
                    "secrets": [],
                    "allowExtensionOperations": true,
                    "requireGuestProvisionSignal": true
                },
                "networkProfile": {
                    "networkInterfaces": [
                        {
                            "id": "[parameters('networkInterfaces_demovm298_externalid')]",
                            "properties": {
                                "deleteOption": "Detach"
                            }
                        }
                    ]
                },
                "diagnosticsProfile": {
                    "bootDiagnostics": {
                        "enabled": true
                    }
                }
            }
        },
        {
            "type": "Microsoft.Network/publicIPAddresses",
            "apiVersion": "2022-05-01",
            "name": "[parameters('publicIPAddresses_jumpvm_ip_name')]",
            "location": "northeurope",
            "sku": {
                "name": "Standard",
                "tier": "Regional"
            },
            "properties": {
                "ipAddress": "20.223.212.140",
                "publicIPAddressVersion": "IPv4",
                "publicIPAllocationMethod": "Static",
                "idleTimeoutInMinutes": 4,
                "ipTags": []
            }
        },
        {
            "type": "Microsoft.Compute/virtualMachines",
            "apiVersion": "2022-08-01",
            "name": "[parameters('virtualMachines_jumpvm_name')]",
            "location": "northeurope",
            "dependsOn": [
                "[resourceId('Microsoft.Network/networkInterfaces', parameters('networkInterfaces_jumpvm599_name'))]"
            ],
            "properties": {
                "hardwareProfile": {
                    "vmSize": "Standard_D2s_v3"
                },
                "storageProfile": {
                    "imageReference": {
                        "publisher": "MicrosoftWindowsServer",
                        "offer": "WindowsServer",
                        "sku": "2019-datacenter-gensecond",
                        "version": "latest"
                    },
                    "osDisk": {
                        "osType": "Windows",
                        "name": "[concat(parameters('virtualMachines_jumpvm_name'), '_disk1_1dbfe89de0b64771a5488846dcfbcc93')]",
                        "createOption": "FromImage",
                        "caching": "ReadWrite",
                        "managedDisk": {
                            "storageAccountType": "Premium_LRS",
                            "id": "[resourceId('Microsoft.Compute/disks', concat(parameters('virtualMachines_jumpvm_name'), '_disk1_1dbfe89de0b64771a5488846dcfbcc93'))]"
                        },
                        "deleteOption": "Delete",
                        "diskSizeGB": 127
                    },
                    "dataDisks": []
                },
                "osProfile": {
                    "computerName": "[parameters('virtualMachines_jumpvm_name')]",
                    "adminUsername": "olamideilori",
                    "windowsConfiguration": {
                        "provisionVMAgent": true,
                        "enableAutomaticUpdates": true,
                        "patchSettings": {
                            "patchMode": "AutomaticByOS",
                            "assessmentMode": "ImageDefault",
                            "enableHotpatching": false
                        },
                        "enableVMAgentPlatformUpdates": false
                    },
                    "secrets": [],
                    "allowExtensionOperations": true,
                    "requireGuestProvisionSignal": true
                },
                "networkProfile": {
                    "networkInterfaces": [
                        {
                            "id": "[resourceId('Microsoft.Network/networkInterfaces', parameters('networkInterfaces_jumpvm599_name'))]",
                            "properties": {
                                "deleteOption": "Detach"
                            }
                        }
                    ]
                },
                "diagnosticsProfile": {
                    "bootDiagnostics": {
                        "enabled": true
                    }
                }
            }
        },
        {
            "type": "Microsoft.Network/natGateways",
            "apiVersion": "2022-05-01",
            "name": "[parameters('natGateways_network_nat_name')]",
            "location": "northeurope",
            "dependsOn": [
                "[resourceId('Microsoft.Network/publicIPAddresses', parameters('publicIPAddresses_nat_public_name'))]"
            ],
            "sku": {
                "name": "Standard",
                "tier": "Regional"
            },
            "properties": {
                "idleTimeoutInMinutes": 4,
                "publicIpAddresses": [
                    {
                        "id": "[resourceId('Microsoft.Network/publicIPAddresses', parameters('publicIPAddresses_nat_public_name'))]"
                    }
                ]
            }
        },
        {
            "type": "Microsoft.Network/networkSecurityGroups",
            "apiVersion": "2022-05-01",
            "name": "[parameters('networkSecurityGroups_jumpvm_nsg_name')]",
            "location": "northeurope",
            "dependsOn": [
                "[resourceId('Microsoft.Network/networkSecurityGroups/securityRules', parameters('networkSecurityGroups_jumpvm_nsg_name'), 'RDP')]"
            ],
            "properties": {
                "securityRules": [
                    {
                        "name": "RDP",
                        "id": "[resourceId('Microsoft.Network/networkSecurityGroups/securityRules', parameters('networkSecurityGroups_jumpvm_nsg_name'), 'RDP')]",
                        "type": "Microsoft.Network/networkSecurityGroups/securityRules",
                        "properties": {
                            "protocol": "TCP",
                            "sourcePortRange": "*",
                            "destinationPortRange": "3389",
                            "sourceAddressPrefix": "*",
                            "destinationAddressPrefix": "*",
                            "access": "Allow",
                            "priority": 300,
                            "direction": "Inbound",
                            "sourcePortRanges": [],
                            "destinationPortRanges": [],
                            "sourceAddressPrefixes": [],
                            "destinationAddressPrefixes": []
                        }
                    }
                ]
            }
        },
        {
            "type": "Microsoft.Network/networkSecurityGroups/securityRules",
            "apiVersion": "2022-05-01",
            "name": "[concat(parameters('networkSecurityGroups_jumpvm_nsg_name'), '/RDP')]",
            "dependsOn": [
                "[resourceId('Microsoft.Network/networkSecurityGroups', parameters('networkSecurityGroups_jumpvm_nsg_name'))]"
            ],
            "properties": {
                "protocol": "TCP",
                "sourcePortRange": "*",
                "destinationPortRange": "3389",
                "sourceAddressPrefix": "*",
                "destinationAddressPrefix": "*",
                "access": "Allow",
                "priority": 300,
                "direction": "Inbound",
                "sourcePortRanges": [],
                "destinationPortRanges": [],
                "sourceAddressPrefixes": [],
                "destinationAddressPrefixes": []
            }
        },
        {
            "type": "Microsoft.Network/publicIPAddresses",
            "apiVersion": "2022-05-01",
            "name": "[parameters('publicIPAddresses_nat_public_name')]",
            "location": "northeurope",
            "dependsOn": [
                "[resourceId('Microsoft.Network/natGateways', parameters('natGateways_network_nat_name'))]"
            ],
            "sku": {
                "name": "Standard",
                "tier": "Regional"
            },
            "properties": {
                "natGateway": {
                    "id": "[resourceId('Microsoft.Network/natGateways', parameters('natGateways_network_nat_name'))]"
                },
                "ipAddress": "20.238.91.185",
                "publicIPAddressVersion": "IPv4",
                "publicIPAllocationMethod": "Static",
                "idleTimeoutInMinutes": 4,
                "ipTags": []
            }
        },
        {
            "type": "Microsoft.Network/virtualNetworks/subnets",
            "apiVersion": "2022-05-01",
            "name": "[concat(parameters('virtualNetworks_nat_grp_vnet_name'), '/subnetA')]",
            "dependsOn": [
                "[resourceId('Microsoft.Network/virtualNetworks', parameters('virtualNetworks_nat_grp_vnet_name'))]"
            ],
            "properties": {
                "addressPrefix": "10.0.0.0/24",
                "delegations": [],
                "privateEndpointNetworkPolicies": "Disabled",
                "privateLinkServiceNetworkPolicies": "Enabled"
            }
        },
        {
            "type": "Microsoft.Network/virtualNetworks/subnets",
            "apiVersion": "2022-05-01",
            "name": "[concat(parameters('virtualNetworks_nat_grp_vnet_name'), '/subnetB')]",
            "dependsOn": [
                "[resourceId('Microsoft.Network/virtualNetworks', parameters('virtualNetworks_nat_grp_vnet_name'))]",
                "[resourceId('Microsoft.Network/natGateways', parameters('natGateways_network_nat_name'))]"
            ],
            "properties": {
                "addressPrefix": "10.0.1.0/24",
                "natGateway": {
                    "id": "[resourceId('Microsoft.Network/natGateways', parameters('natGateways_network_nat_name'))]"
                },
                "delegations": [],
                "privateEndpointNetworkPolicies": "Disabled",
                "privateLinkServiceNetworkPolicies": "Enabled"
            }
        },
        {
            "type": "Microsoft.Network/networkInterfaces",
            "apiVersion": "2022-05-01",
            "name": "[parameters('networkInterfaces_jumpvm599_name')]",
            "location": "northeurope",
            "dependsOn": [
                "[resourceId('Microsoft.Network/publicIPAddresses', parameters('publicIPAddresses_jumpvm_ip_name'))]",
                "[resourceId('Microsoft.Network/virtualNetworks/subnets', parameters('virtualNetworks_nat_grp_vnet_name'), 'subnetA')]",
                "[resourceId('Microsoft.Network/networkSecurityGroups', parameters('networkSecurityGroups_jumpvm_nsg_name'))]"
            ],
            "kind": "Regular",
            "properties": {
                "ipConfigurations": [
                    {
                        "name": "ipconfig1",
                        "id": "[concat(resourceId('Microsoft.Network/networkInterfaces', parameters('networkInterfaces_jumpvm599_name')), '/ipConfigurations/ipconfig1')]",
                        "etag": "W/\"aab9c964-db01-4ea9-a684-18eb5f3137b2\"",
                        "type": "Microsoft.Network/networkInterfaces/ipConfigurations",
                        "properties": {
                            "provisioningState": "Succeeded",
                            "privateIPAddress": "10.0.0.4",
                            "privateIPAllocationMethod": "Dynamic",
                            "publicIPAddress": {
                                "name": "jumpvm-ip",
                                "id": "[resourceId('Microsoft.Network/publicIPAddresses', parameters('publicIPAddresses_jumpvm_ip_name'))]",
                                "properties": {
                                    "provisioningState": "Succeeded",
                                    "resourceGuid": "94349af5-f647-432c-a4da-46ae800fbad2",
                                    "publicIPAddressVersion": "IPv4",
                                    "publicIPAllocationMethod": "Dynamic",
                                    "idleTimeoutInMinutes": 4,
                                    "ipTags": [],
                                    "ipConfiguration": {
                                        "id": "[concat(resourceId('Microsoft.Network/networkInterfaces', parameters('networkInterfaces_jumpvm599_name')), '/ipConfigurations/ipconfig1')]"
                                    },
                                    "deleteOption": "Detach"
                                },
                                "type": "Microsoft.Network/publicIPAddresses",
                                "sku": {
                                    "name": "Basic",
                                    "tier": "Regional"
                                }
                            },
                            "subnet": {
                                "id": "[resourceId('Microsoft.Network/virtualNetworks/subnets', parameters('virtualNetworks_nat_grp_vnet_name'), 'subnetA')]"
                            },
                            "primary": true,
                            "privateIPAddressVersion": "IPv4"
                        }
                    }
                ],
                "dnsSettings": {
                    "dnsServers": []
                },
                "enableAcceleratedNetworking": true,
                "enableIPForwarding": false,
                "disableTcpStateTracking": false,
                "networkSecurityGroup": {
                    "id": "[resourceId('Microsoft.Network/networkSecurityGroups', parameters('networkSecurityGroups_jumpvm_nsg_name'))]"
                },
                "nicType": "Standard"
            }
        },
        {
            "type": "Microsoft.Network/virtualNetworks",
            "apiVersion": "2022-05-01",
            "name": "[parameters('virtualNetworks_nat_grp_vnet_name')]",
            "location": "northeurope",
            "dependsOn": [
                "[resourceId('Microsoft.Network/virtualNetworks/subnets', parameters('virtualNetworks_nat_grp_vnet_name'), 'subnetA')]",
                "[resourceId('Microsoft.Network/virtualNetworks/subnets', parameters('virtualNetworks_nat_grp_vnet_name'), 'subnetB')]",
                "[resourceId('Microsoft.Network/natGateways', parameters('natGateways_network_nat_name'))]"
            ],
            "properties": {
                "addressSpace": {
                    "addressPrefixes": [
                        "10.0.0.0/16"
                    ]
                },
                "subnets": [
                    {
                        "name": "subnetA",
                        "id": "[resourceId('Microsoft.Network/virtualNetworks/subnets', parameters('virtualNetworks_nat_grp_vnet_name'), 'subnetA')]",
                        "properties": {
                            "addressPrefix": "10.0.0.0/24",
                            "delegations": [],
                            "privateEndpointNetworkPolicies": "Disabled",
                            "privateLinkServiceNetworkPolicies": "Enabled"
                        },
                        "type": "Microsoft.Network/virtualNetworks/subnets"
                    },
                    {
                        "name": "subnetB",
                        "id": "[resourceId('Microsoft.Network/virtualNetworks/subnets', parameters('virtualNetworks_nat_grp_vnet_name'), 'subnetB')]",
                        "properties": {
                            "addressPrefix": "10.0.1.0/24",
                            "natGateway": {
                                "id": "[resourceId('Microsoft.Network/natGateways', parameters('natGateways_network_nat_name'))]"
                            },
                            "delegations": [],
                            "privateEndpointNetworkPolicies": "Disabled",
                            "privateLinkServiceNetworkPolicies": "Enabled"
                        },
                        "type": "Microsoft.Network/virtualNetworks/subnets"
                    }
                ],
                "virtualNetworkPeerings": [],
                "enableDdosProtection": false
            }
        }
    ]
}