{
    "$schema": "https://schema.management.azure.com/schemas/2015-01-01/deploymentParameters.json#",
    "contentVersion": "1.0.0.0",
    "parameters": {
        "location": {
            "value": "northeurope"
        },
        "applicationGatewayName": {
            "value": "app-gw"
        },
        "tier": {
            "value": "Standard_v2"
        },
        "skuSize": {
            "value": "Standard_v2"
        },
        "capacity": {
            "value": 1
        },
        "subnetName": {
            "value": "webappSubnet"
        },
        "zones": {
            "value": []
        },
        "virtualNetworkName": {
            "value": "app-network"
        },
        "virtualNetworkPrefix": {
            "value": [
                "10.1.0.0/16"
            ]
        },
        "publicIpAddressName": {
            "value": "app-frontend"
        },
        "sku": {
            "value": "Standard"
        },
        "allocationMethod": {
            "value": "Static"
        },
        "publicIpZones": {
            "value": []
        }
    }
}