{
    "$schema": "http://schema.management.azure.com/schemas/2015-01-01/deploymentTemplate.json#",
    "contentVersion": "1.0.0.0",
    "parameters": {
        "location": {
            "type": "String"
        },
        "applicationGatewayName": {
            "type": "String"
        },
        "tier": {
            "type": "String"
        },
        "skuSize": {
            "type": "String"
        },
        "capacity": {
            "defaultValue": 2,
            "type": "Int"
        },
        "subnetName": {
            "type": "String"
        },
        "zones": {
            "type": "Array"
        },
        "virtualNetworkName": {
            "type": "String"
        },
        "virtualNetworkPrefix": {
            "type": "Array"
        },
        "publicIpAddressName": {
            "type": "String"
        },
        "sku": {
            "type": "String"
        },
        "allocationMethod": {
            "type": "String"
        },
        "publicIpZones": {
            "type": "Array"
        }
    },
    "variables": {
        "vnetId": "[resourceId('app-grp','Microsoft.Network/virtualNetworks/', parameters('virtualNetworkName'))]",
        "publicIPRef": "[resourceId('Microsoft.Network/publicIPAddresses/', parameters('publicIpAddressName'))]",
        "subnetRef": "[concat(variables('vnetId'), '/subnets/', parameters('subnetName'))]",
        "applicationGatewayId": "[resourceId('Microsoft.Network/applicationGateways', parameters('applicationGatewayName'))]"
    },
    "resources": [
        {
            "type": "Microsoft.Network/applicationGateways",
            "apiVersion": "2021-08-01",
            "name": "[parameters('applicationGatewayName')]",
            "location": "[parameters('location')]",
            "dependsOn": [
                "[concat('Microsoft.Network/virtualNetworks/', parameters('virtualNetworkName'))]",
                "[concat('Microsoft.Network/publicIPAddresses/', parameters('publicIpAddressName'))]"
            ],
            "tags": {},
            "zones": "[parameters('zones')]",
            "properties": {
                "sku": {
                    "name": "[parameters('skuSize')]",
                    "tier": "[parameters('tier')]",
                    "capacity": "[parameters('capacity')]"
                },
                "gatewayIPConfigurations": [
                    {
                        "name": "appGatewayIpConfig",
                        "properties": {
                            "subnet": {
                                "id": "[variables('subnetRef')]"
                            }
                        }
                    }
                ],
                "frontendIPConfigurations": [
                    {
                        "name": "appGwPublicFrontendIp",
                        "properties": {
                            "PublicIPAddress": {
                                "id": "[variables('publicIPRef')]"
                            }
                        }
                    }
                ],
                "frontendPorts": [
                    {
                        "name": "port_80",
                        "properties": {
                            "Port": 80
                        }
                    }
                ],
                "backendAddressPools": [
                    {
                        "name": "images",
                        "properties": {
                            "backendAddresses": [
                                {
                                    "fqdn": "olamideilori.azurewebsites.net"
                                }
                            ]
                        }
                    },
                    {
                        "name": "videos",
                        "properties": {
                            "backendAddresses": [
                                {
                                    "fqdn": "olamidevincentilori.azurewebsites.net"
                                }
                            ]
                        }
                    }
                ],
                "backendHttpSettingsCollection": [
                    {
                        "name": "settings",
                        "properties": {
                            "Port": 80,
                            "Protocol": "Http",
                            "cookieBasedAffinity": "Disabled",
                            "requestTimeout": 20
                        }
                    }
                ],
                "backendSettingsCollection": [],
                "httpListeners": [
                    {
                        "name": "listener01",
                        "properties": {
                            "frontendIPConfiguration": {
                                "id": "[concat(variables('applicationGatewayId'), '/frontendIPConfigurations/appGwPublicFrontendIp')]"
                            },
                            "frontendPort": {
                                "id": "[concat(variables('applicationGatewayId'), '/frontendPorts/port_80')]"
                            },
                            "protocol": "Http",
                            "sslCertificate": null
                        }
                    }
                ],
                "listeners": [],
                "requestRoutingRules": [
                    {
                        "name": "ruleA",
                        "properties": {
                            "ruleType": "PathBasedRouting",
                            "httpListener": {
                                "id": "[concat(variables('applicationGatewayId'), '/httpListeners/listener01')]"
                            },
                            "urlPathMap": {
                                "id": "[concat(variables('applicationGatewayId'), '/urlPathMaps/ruleA')]"
                            },
                            "priority": 100
                        }
                    }
                ],
                "routingRules": [],
                "enableHttp2": false,
                "sslCertificates": [],
                "probes": [],
                "urlPathMaps": [
                    {
                        "name": "ruleA",
                        "properties": {
                            "pathRules": [
                                {
                                    "name": "images",
                                    "properties": {
                                        "paths": [
                                            "/images/*"
                                        ],
                                        "backendAddressPool": {
                                            "id": "[concat(variables('applicationGatewayId'), '/backendAddressPools/images')]"
                                        },
                                        "backendHttpSettings": {
                                            "id": "[concat(variables('applicationGatewayId'), '/backendHttpSettingsCollection/settings')]"
                                        }
                                    }
                                },
                                {
                                    "name": "videos",
                                    "properties": {
                                        "paths": [
                                            "/videos/*"
                                        ],
                                        "backendAddressPool": {
                                            "id": "[concat(variables('applicationGatewayId'), '/backendAddressPools/videos')]"
                                        },
                                        "backendHttpSettings": {
                                            "id": "[concat(variables('applicationGatewayId'), '/backendHttpSettingsCollection/settings')]"
                                        }
                                    }
                                }
                            ],
                            "defaultBackendAddressPool": {
                                "id": "[concat(variables('applicationGatewayId'), '/backendAddressPools/images')]"
                            },
                            "defaultBackendHttpSettings": {
                                "id": "[concat(variables('applicationGatewayId'), '/backendHttpSettingsCollection/settings')]"
                            }
                        }
                    }
                ]
            }
        },
        {
            "type": "Microsoft.Network/virtualNetworks",
            "apiVersion": "2019-09-01",
            "name": "[parameters('virtualNetworkName')]",
            "location": "[parameters('location')]",
            "properties": {
                "addressSpace": {
                    "addressPrefixes": "[parameters('virtualNetworkPrefix')]"
                },
                "subnets": [
                    {
                        "name": "webappSubnet",
                        "properties": {
                            "addressPrefix": "10.1.0.0/24"
                        }
                    }
                ]
            }
        },
        {
            "type": "Microsoft.Network/publicIPAddresses",
            "apiVersion": "2020-08-01",
            "name": "[parameters('publicIpAddressName')]",
            "location": "[parameters('location')]",
            "sku": {
                "name": "[parameters('sku')]"
            },
            "zones": "[parameters('publicIpZones')]",
            "properties": {
                "publicIPAllocationMethod": "[parameters('allocationMethod')]"
            }
        }
    ]
}