{
    "$schema": "https://schema.management.azure.com/schemas/2015-01-01/deploymentParameters.json#",
    "contentVersion": "1.0.0.0",
    "parameters": {
        "virtualMachines_centralvm_name": {
            "value": null
        },
        "virtualMachines_subnetBvm_name": {
            "value": null
        },
        "virtualMachines_subnetA_vm_name": {
            "value": null
        },
        "routeTables_customroutetable_name": {
            "value": null
        },
        "networkInterfaces_centralvm843_name": {
            "value": null
        },
        "networkInterfaces_subnetavm172_name": {
            "value": null
        },
        "networkInterfaces_subnetbvm949_name": {
            "value": null
        },
        "publicIPAddresses_centralvm_ip_name": {
            "value": null
        },
        "publicIPAddresses_subnetAvm_ip_name": {
            "value": null
        },
        "publicIPAddresses_subnetBvm_ip_name": {
            "value": null
        },
        "networkInterfaces_subneta_vm860_name": {
            "value": null
        },
        "publicIPAddresses_subnetA_vm_ip_name": {
            "value": null
        },
        "virtualNetworks_routing_grp_vnet_name": {
            "value": null
        },
        "networkSecurityGroups_centralvm_nsg_name": {
            "value": null
        },
        "networkSecurityGroups_subnetAvm_nsg_name": {
            "value": null
        },
        "networkSecurityGroups_subnetBvm_nsg_name": {
            "value": null
        },
        "networkSecurityGroups_subnetA_vm_nsg_name": {
            "value": null
        },
        "virtualNetworks_nat_grp_vnet_externalid": {
            "value": null
        }
    }
}