{
    "$schema": "https://schema.management.azure.com/schemas/2019-04-01/deploymentTemplate.json#",
    "contentVersion": "1.0.0.0",
    "parameters": {
        "virtualMachines_centralvm_name": {
            "defaultValue": "centralvm",
            "type": "String"
        },
        "virtualMachines_subnetBvm_name": {
            "defaultValue": "subnetBvm",
            "type": "String"
        },
        "virtualMachines_subnetA_vm_name": {
            "defaultValue": "subnetA-vm",
            "type": "String"
        },
        "routeTables_customroutetable_name": {
            "defaultValue": "customroutetable",
            "type": "String"
        },
        "networkInterfaces_centralvm843_name": {
            "defaultValue": "centralvm843",
            "type": "String"
        },
        "networkInterfaces_subnetavm172_name": {
            "defaultValue": "subnetavm172",
            "type": "String"
        },
        "networkInterfaces_subnetbvm949_name": {
            "defaultValue": "subnetbvm949",
            "type": "String"
        },
        "publicIPAddresses_centralvm_ip_name": {
            "defaultValue": "centralvm-ip",
            "type": "String"
        },
        "publicIPAddresses_subnetAvm_ip_name": {
            "defaultValue": "subnetAvm-ip",
            "type": "String"
        },
        "publicIPAddresses_subnetBvm_ip_name": {
            "defaultValue": "subnetBvm-ip",
            "type": "String"
        },
        "networkInterfaces_subneta_vm860_name": {
            "defaultValue": "subneta-vm860",
            "type": "String"
        },
        "publicIPAddresses_subnetA_vm_ip_name": {
            "defaultValue": "subnetA-vm-ip",
            "type": "String"
        },
        "virtualNetworks_routing_grp_vnet_name": {
            "defaultValue": "routing-grp-vnet",
            "type": "String"
        },
        "networkSecurityGroups_centralvm_nsg_name": {
            "defaultValue": "centralvm-nsg",
            "type": "String"
        },
        "networkSecurityGroups_subnetAvm_nsg_name": {
            "defaultValue": "subnetAvm-nsg",
            "type": "String"
        },
        "networkSecurityGroups_subnetBvm_nsg_name": {
            "defaultValue": "subnetBvm-nsg",
            "type": "String"
        },
        "networkSecurityGroups_subnetA_vm_nsg_name": {
            "defaultValue": "subnetA-vm-nsg",
            "type": "String"
        },
        "virtualNetworks_nat_grp_vnet_externalid": {
            "defaultValue": "/subscriptions/1e950dd0-77af-4a6c-bf38-73cf98cf18f4/resourceGroups/nat-grp/providers/Microsoft.Network/virtualNetworks/nat-grp-vnet",
            "type": "String"
        }
    },
    "variables": {},
    "resources": [
        {
            "type": "Microsoft.Network/publicIPAddresses",
            "apiVersion": "2022-05-01",
            "name": "[parameters('publicIPAddresses_centralvm_ip_name')]",
            "location": "eastus",
            "sku": {
                "name": "Standard",
                "tier": "Regional"
            },
            "properties": {
                "ipAddress": "172.173.236.165",
                "publicIPAddressVersion": "IPv4",
                "publicIPAllocationMethod": "Static",
                "idleTimeoutInMinutes": 4,
                "ipTags": []
            }
        },
        {
            "type": "Microsoft.Network/publicIPAddresses",
            "apiVersion": "2022-05-01",
            "name": "[parameters('publicIPAddresses_subnetAvm_ip_name')]",
            "location": "northeurope",
            "sku": {
                "name": "Standard",
                "tier": "Regional"
            },
            "properties": {
                "ipAddress": "4.231.207.176",
                "publicIPAddressVersion": "IPv4",
                "publicIPAllocationMethod": "Static",
                "idleTimeoutInMinutes": 4,
                "ipTags": []
            }
        },
        {
            "type": "Microsoft.Network/publicIPAddresses",
            "apiVersion": "2022-05-01",
            "name": "[parameters('publicIPAddresses_subnetA_vm_ip_name')]",
            "location": "eastus",
            "sku": {
                "name": "Standard",
                "tier": "Regional"
            },
            "properties": {
                "ipAddress": "172.174.48.79",
                "publicIPAddressVersion": "IPv4",
                "publicIPAllocationMethod": "Static",
                "idleTimeoutInMinutes": 4,
                "ipTags": []
            }
        },
        {
            "type": "Microsoft.Network/publicIPAddresses",
            "apiVersion": "2022-05-01",
            "name": "[parameters('publicIPAddresses_subnetBvm_ip_name')]",
            "location": "eastus",
            "sku": {
                "name": "Standard",
                "tier": "Regional"
            },
            "properties": {
                "ipAddress": "20.231.98.108",
                "publicIPAddressVersion": "IPv4",
                "publicIPAllocationMethod": "Static",
                "idleTimeoutInMinutes": 4,
                "ipTags": []
            }
        },
        {
            "type": "Microsoft.Compute/virtualMachines",
            "apiVersion": "2022-08-01",
            "name": "[parameters('virtualMachines_centralvm_name')]",
            "location": "eastus",
            "dependsOn": [
                "[resourceId('Microsoft.Network/networkInterfaces', parameters('networkInterfaces_centralvm843_name'))]"
            ],
            "properties": {
                "hardwareProfile": {
                    "vmSize": "Standard_D2s_v3"
                },
                "storageProfile": {
                    "imageReference": {
                        "publisher": "MicrosoftWindowsServer",
                        "offer": "WindowsServer",
                        "sku": "2019-datacenter-gensecond",
                        "version": "latest"
                    },
                    "osDisk": {
                        "osType": "Windows",
                        "name": "[concat(parameters('virtualMachines_centralvm_name'), '_disk1_abfb488e46bb4df182e4f174f8cfa7af')]",
                        "createOption": "FromImage",
                        "caching": "ReadWrite",
                        "managedDisk": {
                            "storageAccountType": "Premium_LRS",
                            "id": "[resourceId('Microsoft.Compute/disks', concat(parameters('virtualMachines_centralvm_name'), '_disk1_abfb488e46bb4df182e4f174f8cfa7af'))]"
                        },
                        "deleteOption": "Delete",
                        "diskSizeGB": 127
                    },
                    "dataDisks": []
                },
                "osProfile": {
                    "computerName": "[parameters('virtualMachines_centralvm_name')]",
                    "adminUsername": "olamideilori",
                    "windowsConfiguration": {
                        "provisionVMAgent": true,
                        "enableAutomaticUpdates": true,
                        "patchSettings": {
                            "patchMode": "AutomaticByOS",
                            "assessmentMode": "ImageDefault",
                            "enableHotpatching": false
                        },
                        "enableVMAgentPlatformUpdates": false
                    },
                    "secrets": [],
                    "allowExtensionOperations": true,
                    "requireGuestProvisionSignal": true
                },
                "networkProfile": {
                    "networkInterfaces": [
                        {
                            "id": "[resourceId('Microsoft.Network/networkInterfaces', parameters('networkInterfaces_centralvm843_name'))]",
                            "properties": {
                                "deleteOption": "Detach"
                            }
                        }
                    ]
                },
                "diagnosticsProfile": {
                    "bootDiagnostics": {
                        "enabled": true
                    }
                }
            }
        },
        {
            "type": "Microsoft.Compute/virtualMachines",
            "apiVersion": "2022-08-01",
            "name": "[parameters('virtualMachines_subnetA_vm_name')]",
            "location": "eastus",
            "dependsOn": [
                "[resourceId('Microsoft.Network/networkInterfaces', parameters('networkInterfaces_subneta_vm860_name'))]"
            ],
            "properties": {
                "hardwareProfile": {
                    "vmSize": "Standard_E2s_v3"
                },
                "storageProfile": {
                    "imageReference": {
                        "publisher": "MicrosoftWindowsServer",
                        "offer": "WindowsServer",
                        "sku": "2019-datacenter-gensecond",
                        "version": "latest"
                    },
                    "osDisk": {
                        "osType": "Windows",
                        "name": "[concat(parameters('virtualMachines_subnetA_vm_name'), '_disk1_5c109721ebf24e7ca47570fc3d9148aa')]",
                        "createOption": "FromImage",
                        "caching": "ReadWrite",
                        "managedDisk": {
                            "storageAccountType": "Premium_LRS",
                            "id": "[resourceId('Microsoft.Compute/disks', concat(parameters('virtualMachines_subnetA_vm_name'), '_disk1_5c109721ebf24e7ca47570fc3d9148aa'))]"
                        },
                        "deleteOption": "Delete",
                        "diskSizeGB": 127
                    },
                    "dataDisks": []
                },
                "osProfile": {
                    "computerName": "[parameters('virtualMachines_subnetA_vm_name')]",
                    "adminUsername": "olamideilori",
                    "windowsConfiguration": {
                        "provisionVMAgent": true,
                        "enableAutomaticUpdates": true,
                        "patchSettings": {
                            "patchMode": "AutomaticByOS",
                            "assessmentMode": "ImageDefault",
                            "enableHotpatching": false
                        },
                        "enableVMAgentPlatformUpdates": false
                    },
                    "secrets": [],
                    "allowExtensionOperations": true,
                    "requireGuestProvisionSignal": true
                },
                "networkProfile": {
                    "networkInterfaces": [
                        {
                            "id": "[resourceId('Microsoft.Network/networkInterfaces', parameters('networkInterfaces_subneta_vm860_name'))]",
                            "properties": {
                                "deleteOption": "Detach"
                            }
                        }
                    ]
                },
                "diagnosticsProfile": {
                    "bootDiagnostics": {
                        "enabled": true
                    }
                }
            }
        },
        {
            "type": "Microsoft.Compute/virtualMachines",
            "apiVersion": "2022-08-01",
            "name": "[parameters('virtualMachines_subnetBvm_name')]",
            "location": "eastus",
            "dependsOn": [
                "[resourceId('Microsoft.Network/networkInterfaces', parameters('networkInterfaces_subnetbvm949_name'))]"
            ],
            "properties": {
                "hardwareProfile": {
                    "vmSize": "Standard_D2s_v3"
                },
                "storageProfile": {
                    "imageReference": {
                        "publisher": "MicrosoftWindowsServer",
                        "offer": "WindowsServer",
                        "sku": "2019-datacenter-gensecond",
                        "version": "latest"
                    },
                    "osDisk": {
                        "osType": "Windows",
                        "name": "[concat(parameters('virtualMachines_subnetBvm_name'), '_disk1_c6620298ee7549e4b988c9e8658f0e73')]",
                        "createOption": "FromImage",
                        "caching": "ReadWrite",
                        "managedDisk": {
                            "storageAccountType": "Premium_LRS",
                            "id": "[resourceId('Microsoft.Compute/disks', concat(parameters('virtualMachines_subnetBvm_name'), '_disk1_c6620298ee7549e4b988c9e8658f0e73'))]"
                        },
                        "deleteOption": "Delete",
                        "diskSizeGB": 127
                    },
                    "dataDisks": []
                },
                "osProfile": {
                    "computerName": "[parameters('virtualMachines_subnetBvm_name')]",
                    "adminUsername": "olamideilori",
                    "windowsConfiguration": {
                        "provisionVMAgent": true,
                        "enableAutomaticUpdates": true,
                        "patchSettings": {
                            "patchMode": "AutomaticByOS",
                            "assessmentMode": "ImageDefault",
                            "enableHotpatching": false
                        },
                        "enableVMAgentPlatformUpdates": false
                    },
                    "secrets": [],
                    "allowExtensionOperations": true,
                    "requireGuestProvisionSignal": true
                },
                "networkProfile": {
                    "networkInterfaces": [
                        {
                            "id": "[resourceId('Microsoft.Network/networkInterfaces', parameters('networkInterfaces_subnetbvm949_name'))]",
                            "properties": {
                                "deleteOption": "Detach"
                            }
                        }
                    ]
                },
                "diagnosticsProfile": {
                    "bootDiagnostics": {
                        "enabled": true
                    }
                }
            }
        },
        {
            "type": "Microsoft.Network/networkSecurityGroups",
            "apiVersion": "2022-05-01",
            "name": "[parameters('networkSecurityGroups_centralvm_nsg_name')]",
            "location": "eastus",
            "dependsOn": [
                "[resourceId('Microsoft.Network/networkSecurityGroups/securityRules', parameters('networkSecurityGroups_centralvm_nsg_name'), 'RDP')]"
            ],
            "properties": {
                "securityRules": [
                    {
                        "name": "RDP",
                        "id": "[resourceId('Microsoft.Network/networkSecurityGroups/securityRules', parameters('networkSecurityGroups_centralvm_nsg_name'), 'RDP')]",
                        "type": "Microsoft.Network/networkSecurityGroups/securityRules",
                        "properties": {
                            "protocol": "TCP",
                            "sourcePortRange": "*",
                            "destinationPortRange": "3389",
                            "sourceAddressPrefix": "*",
                            "destinationAddressPrefix": "*",
                            "access": "Allow",
                            "priority": 300,
                            "direction": "Inbound",
                            "sourcePortRanges": [],
                            "destinationPortRanges": [],
                            "sourceAddressPrefixes": [],
                            "destinationAddressPrefixes": []
                        }
                    }
                ]
            }
        },
        {
            "type": "Microsoft.Network/networkSecurityGroups",
            "apiVersion": "2022-05-01",
            "name": "[parameters('networkSecurityGroups_subnetAvm_nsg_name')]",
            "location": "northeurope",
            "dependsOn": [
                "[resourceId('Microsoft.Network/networkSecurityGroups/securityRules', parameters('networkSecurityGroups_subnetAvm_nsg_name'), 'RDP')]"
            ],
            "properties": {
                "securityRules": [
                    {
                        "name": "RDP",
                        "id": "[resourceId('Microsoft.Network/networkSecurityGroups/securityRules', parameters('networkSecurityGroups_subnetAvm_nsg_name'), 'RDP')]",
                        "type": "Microsoft.Network/networkSecurityGroups/securityRules",
                        "properties": {
                            "protocol": "TCP",
                            "sourcePortRange": "*",
                            "destinationPortRange": "3389",
                            "sourceAddressPrefix": "*",
                            "destinationAddressPrefix": "*",
                            "access": "Allow",
                            "priority": 300,
                            "direction": "Inbound",
                            "sourcePortRanges": [],
                            "destinationPortRanges": [],
                            "sourceAddressPrefixes": [],
                            "destinationAddressPrefixes": []
                        }
                    }
                ]
            }
        },
        {
            "type": "Microsoft.Network/networkSecurityGroups",
            "apiVersion": "2022-05-01",
            "name": "[parameters('networkSecurityGroups_subnetA_vm_nsg_name')]",
            "location": "eastus",
            "dependsOn": [
                "[resourceId('Microsoft.Network/networkSecurityGroups/securityRules', parameters('networkSecurityGroups_subnetA_vm_nsg_name'), 'RDP')]"
            ],
            "properties": {
                "securityRules": [
                    {
                        "name": "RDP",
                        "id": "[resourceId('Microsoft.Network/networkSecurityGroups/securityRules', parameters('networkSecurityGroups_subnetA_vm_nsg_name'), 'RDP')]",
                        "type": "Microsoft.Network/networkSecurityGroups/securityRules",
                        "properties": {
                            "protocol": "TCP",
                            "sourcePortRange": "*",
                            "destinationPortRange": "3389",
                            "sourceAddressPrefix": "*",
                            "destinationAddressPrefix": "*",
                            "access": "Allow",
                            "priority": 300,
                            "direction": "Inbound",
                            "sourcePortRanges": [],
                            "destinationPortRanges": [],
                            "sourceAddressPrefixes": [],
                            "destinationAddressPrefixes": []
                        }
                    }
                ]
            }
        },
        {
            "type": "Microsoft.Network/networkSecurityGroups/securityRules",
            "apiVersion": "2022-05-01",
            "name": "[concat(parameters('networkSecurityGroups_subnetBvm_nsg_name'), '/HTTP')]",
            "dependsOn": [
                "[resourceId('Microsoft.Network/networkSecurityGroups', parameters('networkSecurityGroups_subnetBvm_nsg_name'))]"
            ],
            "properties": {
                "protocol": "TCP",
                "sourcePortRange": "*",
                "destinationPortRange": "80",
                "sourceAddressPrefix": "*",
                "destinationAddressPrefix": "*",
                "access": "Allow",
                "priority": 320,
                "direction": "Inbound",
                "sourcePortRanges": [],
                "destinationPortRanges": [],
                "sourceAddressPrefixes": [],
                "destinationAddressPrefixes": []
            }
        },
        {
            "type": "Microsoft.Network/networkSecurityGroups/securityRules",
            "apiVersion": "2022-05-01",
            "name": "[concat(parameters('networkSecurityGroups_centralvm_nsg_name'), '/RDP')]",
            "dependsOn": [
                "[resourceId('Microsoft.Network/networkSecurityGroups', parameters('networkSecurityGroups_centralvm_nsg_name'))]"
            ],
            "properties": {
                "protocol": "TCP",
                "sourcePortRange": "*",
                "destinationPortRange": "3389",
                "sourceAddressPrefix": "*",
                "destinationAddressPrefix": "*",
                "access": "Allow",
                "priority": 300,
                "direction": "Inbound",
                "sourcePortRanges": [],
                "destinationPortRanges": [],
                "sourceAddressPrefixes": [],
                "destinationAddressPrefixes": []
            }
        },
        {
            "type": "Microsoft.Network/networkSecurityGroups/securityRules",
            "apiVersion": "2022-05-01",
            "name": "[concat(parameters('networkSecurityGroups_subnetAvm_nsg_name'), '/RDP')]",
            "dependsOn": [
                "[resourceId('Microsoft.Network/networkSecurityGroups', parameters('networkSecurityGroups_subnetAvm_nsg_name'))]"
            ],
            "properties": {
                "protocol": "TCP",
                "sourcePortRange": "*",
                "destinationPortRange": "3389",
                "sourceAddressPrefix": "*",
                "destinationAddressPrefix": "*",
                "access": "Allow",
                "priority": 300,
                "direction": "Inbound",
                "sourcePortRanges": [],
                "destinationPortRanges": [],
                "sourceAddressPrefixes": [],
                "destinationAddressPrefixes": []
            }
        },
        {
            "type": "Microsoft.Network/networkSecurityGroups/securityRules",
            "apiVersion": "2022-05-01",
            "name": "[concat(parameters('networkSecurityGroups_subnetA_vm_nsg_name'), '/RDP')]",
            "dependsOn": [
                "[resourceId('Microsoft.Network/networkSecurityGroups', parameters('networkSecurityGroups_subnetA_vm_nsg_name'))]"
            ],
            "properties": {
                "protocol": "TCP",
                "sourcePortRange": "*",
                "destinationPortRange": "3389",
                "sourceAddressPrefix": "*",
                "destinationAddressPrefix": "*",
                "access": "Allow",
                "priority": 300,
                "direction": "Inbound",
                "sourcePortRanges": [],
                "destinationPortRanges": [],
                "sourceAddressPrefixes": [],
                "destinationAddressPrefixes": []
            }
        },
        {
            "type": "Microsoft.Network/networkSecurityGroups/securityRules",
            "apiVersion": "2022-05-01",
            "name": "[concat(parameters('networkSecurityGroups_subnetBvm_nsg_name'), '/RDP')]",
            "dependsOn": [
                "[resourceId('Microsoft.Network/networkSecurityGroups', parameters('networkSecurityGroups_subnetBvm_nsg_name'))]"
            ],
            "properties": {
                "protocol": "TCP",
                "sourcePortRange": "*",
                "destinationPortRange": "3389",
                "sourceAddressPrefix": "*",
                "destinationAddressPrefix": "*",
                "access": "Allow",
                "priority": 300,
                "direction": "Inbound",
                "sourcePortRanges": [],
                "destinationPortRanges": [],
                "sourceAddressPrefixes": [],
                "destinationAddressPrefixes": []
            }
        },
        {
            "type": "Microsoft.Network/routeTables",
            "apiVersion": "2022-05-01",
            "name": "[parameters('routeTables_customroutetable_name')]",
            "location": "eastus",
            "dependsOn": [
                "[resourceId('Microsoft.Network/routeTables/routes', parameters('routeTables_customroutetable_name'), 'customroute')]"
            ],
            "properties": {
                "disableBgpRoutePropagation": false,
                "routes": [
                    {
                        "name": "customroute",
                        "id": "[resourceId('Microsoft.Network/routeTables/routes', parameters('routeTables_customroutetable_name'), 'customroute')]",
                        "properties": {
                            "addressPrefix": "10.1.0.0/16",
                            "nextHopType": "VirtualAppliance",
                            "nextHopIpAddress": "10.1.0.4",
                            "hasBgpOverride": false
                        },
                        "type": "Microsoft.Network/routeTables/routes"
                    }
                ]
            }
        },
        {
            "type": "Microsoft.Network/routeTables/routes",
            "apiVersion": "2022-05-01",
            "name": "[concat(parameters('routeTables_customroutetable_name'), '/customroute')]",
            "dependsOn": [
                "[resourceId('Microsoft.Network/routeTables', parameters('routeTables_customroutetable_name'))]"
            ],
            "properties": {
                "addressPrefix": "10.1.0.0/16",
                "nextHopType": "VirtualAppliance",
                "nextHopIpAddress": "10.1.0.4",
                "hasBgpOverride": false
            }
        },
        {
            "type": "Microsoft.Network/virtualNetworks/subnets",
            "apiVersion": "2022-05-01",
            "name": "[concat(parameters('virtualNetworks_routing_grp_vnet_name'), '/default')]",
            "dependsOn": [
                "[resourceId('Microsoft.Network/virtualNetworks', parameters('virtualNetworks_routing_grp_vnet_name'))]"
            ],
            "properties": {
                "addressPrefix": "10.1.0.0/24",
                "delegations": [],
                "privateEndpointNetworkPolicies": "Disabled",
                "privateLinkServiceNetworkPolicies": "Enabled"
            }
        },
        {
            "type": "Microsoft.Network/virtualNetworks/subnets",
            "apiVersion": "2022-05-01",
            "name": "[concat(parameters('virtualNetworks_routing_grp_vnet_name'), '/subnetB')]",
            "dependsOn": [
                "[resourceId('Microsoft.Network/virtualNetworks', parameters('virtualNetworks_routing_grp_vnet_name'))]"
            ],
            "properties": {
                "addressPrefix": "10.1.2.0/24",
                "serviceEndpoints": [],
                "delegations": [],
                "privateEndpointNetworkPolicies": "Disabled",
                "privateLinkServiceNetworkPolicies": "Enabled"
            }
        },
        {
            "type": "Microsoft.Network/networkInterfaces",
            "apiVersion": "2022-05-01",
            "name": "[parameters('networkInterfaces_subnetavm172_name')]",
            "location": "northeurope",
            "dependsOn": [
                "[resourceId('Microsoft.Network/publicIPAddresses', parameters('publicIPAddresses_subnetAvm_ip_name'))]",
                "[resourceId('Microsoft.Network/networkSecurityGroups', parameters('networkSecurityGroups_subnetAvm_nsg_name'))]"
            ],
            "kind": "Regular",
            "properties": {
                "ipConfigurations": [
                    {
                        "name": "ipconfig1",
                        "id": "[concat(resourceId('Microsoft.Network/networkInterfaces', parameters('networkInterfaces_subnetavm172_name')), '/ipConfigurations/ipconfig1')]",
                        "etag": "W/\"a7f53122-3f82-4554-b279-af738708a094\"",
                        "type": "Microsoft.Network/networkInterfaces/ipConfigurations",
                        "properties": {
                            "provisioningState": "Succeeded",
                            "privateIPAddress": "10.0.0.5",
                            "privateIPAllocationMethod": "Dynamic",
                            "publicIPAddress": {
                                "name": "subnetAvm-ip",
                                "id": "[resourceId('Microsoft.Network/publicIPAddresses', parameters('publicIPAddresses_subnetAvm_ip_name'))]",
                                "properties": {
                                    "provisioningState": "Succeeded",
                                    "resourceGuid": "d49b0c91-9136-42be-9474-25908880735b",
                                    "publicIPAddressVersion": "IPv4",
                                    "publicIPAllocationMethod": "Dynamic",
                                    "idleTimeoutInMinutes": 4,
                                    "ipTags": [],
                                    "ipConfiguration": {
                                        "id": "[concat(resourceId('Microsoft.Network/networkInterfaces', parameters('networkInterfaces_subnetavm172_name')), '/ipConfigurations/ipconfig1')]"
                                    },
                                    "deleteOption": "Detach"
                                },
                                "type": "Microsoft.Network/publicIPAddresses",
                                "sku": {
                                    "name": "Basic",
                                    "tier": "Regional"
                                }
                            },
                            "subnet": {
                                "id": "[concat(parameters('virtualNetworks_nat_grp_vnet_externalid'), '/subnets/subnetA')]"
                            },
                            "primary": true,
                            "privateIPAddressVersion": "IPv4"
                        }
                    }
                ],
                "dnsSettings": {
                    "dnsServers": []
                },
                "enableAcceleratedNetworking": true,
                "enableIPForwarding": false,
                "disableTcpStateTracking": false,
                "networkSecurityGroup": {
                    "id": "[resourceId('Microsoft.Network/networkSecurityGroups', parameters('networkSecurityGroups_subnetAvm_nsg_name'))]"
                },
                "nicType": "Standard"
            }
        },
        {
            "type": "Microsoft.Network/networkSecurityGroups",
            "apiVersion": "2022-05-01",
            "name": "[parameters('networkSecurityGroups_subnetBvm_nsg_name')]",
            "location": "eastus",
            "dependsOn": [
                "[resourceId('Microsoft.Network/networkSecurityGroups/securityRules', parameters('networkSecurityGroups_subnetBvm_nsg_name'), 'RDP')]",
                "[resourceId('Microsoft.Network/networkSecurityGroups/securityRules', parameters('networkSecurityGroups_subnetBvm_nsg_name'), 'HTTP')]"
            ],
            "properties": {
                "securityRules": [
                    {
                        "name": "RDP",
                        "id": "[resourceId('Microsoft.Network/networkSecurityGroups/securityRules', parameters('networkSecurityGroups_subnetBvm_nsg_name'), 'RDP')]",
                        "type": "Microsoft.Network/networkSecurityGroups/securityRules",
                        "properties": {
                            "protocol": "TCP",
                            "sourcePortRange": "*",
                            "destinationPortRange": "3389",
                            "sourceAddressPrefix": "*",
                            "destinationAddressPrefix": "*",
                            "access": "Allow",
                            "priority": 300,
                            "direction": "Inbound",
                            "sourcePortRanges": [],
                            "destinationPortRanges": [],
                            "sourceAddressPrefixes": [],
                            "destinationAddressPrefixes": []
                        }
                    },
                    {
                        "name": "HTTP",
                        "id": "[resourceId('Microsoft.Network/networkSecurityGroups/securityRules', parameters('networkSecurityGroups_subnetBvm_nsg_name'), 'HTTP')]",
                        "type": "Microsoft.Network/networkSecurityGroups/securityRules",
                        "properties": {
                            "protocol": "TCP",
                            "sourcePortRange": "*",
                            "destinationPortRange": "80",
                            "sourceAddressPrefix": "*",
                            "destinationAddressPrefix": "*",
                            "access": "Allow",
                            "priority": 320,
                            "direction": "Inbound",
                            "sourcePortRanges": [],
                            "destinationPortRanges": [],
                            "sourceAddressPrefixes": [],
                            "destinationAddressPrefixes": []
                        }
                    }
                ]
            }
        },
        {
            "type": "Microsoft.Network/virtualNetworks/subnets",
            "apiVersion": "2022-05-01",
            "name": "[concat(parameters('virtualNetworks_routing_grp_vnet_name'), '/subnetA')]",
            "dependsOn": [
                "[resourceId('Microsoft.Network/virtualNetworks', parameters('virtualNetworks_routing_grp_vnet_name'))]",
                "[resourceId('Microsoft.Network/routeTables', parameters('routeTables_customroutetable_name'))]"
            ],
            "properties": {
                "addressPrefix": "10.1.1.0/24",
                "routeTable": {
                    "id": "[resourceId('Microsoft.Network/routeTables', parameters('routeTables_customroutetable_name'))]"
                },
                "serviceEndpoints": [],
                "delegations": [],
                "privateEndpointNetworkPolicies": "Disabled",
                "privateLinkServiceNetworkPolicies": "Enabled"
            }
        },
        {
            "type": "Microsoft.Network/networkInterfaces",
            "apiVersion": "2022-05-01",
            "name": "[parameters('networkInterfaces_centralvm843_name')]",
            "location": "eastus",
            "dependsOn": [
                "[resourceId('Microsoft.Network/publicIPAddresses', parameters('publicIPAddresses_centralvm_ip_name'))]",
                "[resourceId('Microsoft.Network/virtualNetworks/subnets', parameters('virtualNetworks_routing_grp_vnet_name'), 'default')]",
                "[resourceId('Microsoft.Network/networkSecurityGroups', parameters('networkSecurityGroups_centralvm_nsg_name'))]"
            ],
            "kind": "Regular",
            "properties": {
                "ipConfigurations": [
                    {
                        "name": "ipconfig1",
                        "id": "[concat(resourceId('Microsoft.Network/networkInterfaces', parameters('networkInterfaces_centralvm843_name')), '/ipConfigurations/ipconfig1')]",
                        "etag": "W/\"56a1a819-8043-4d97-8c38-ad8dfd198129\"",
                        "type": "Microsoft.Network/networkInterfaces/ipConfigurations",
                        "properties": {
                            "provisioningState": "Succeeded",
                            "privateIPAddress": "10.1.0.4",
                            "privateIPAllocationMethod": "Dynamic",
                            "publicIPAddress": {
                                "id": "[resourceId('Microsoft.Network/publicIPAddresses', parameters('publicIPAddresses_centralvm_ip_name'))]"
                            },
                            "subnet": {
                                "id": "[resourceId('Microsoft.Network/virtualNetworks/subnets', parameters('virtualNetworks_routing_grp_vnet_name'), 'default')]"
                            },
                            "primary": true,
                            "privateIPAddressVersion": "IPv4"
                        }
                    }
                ],
                "dnsSettings": {
                    "dnsServers": []
                },
                "enableAcceleratedNetworking": true,
                "enableIPForwarding": true,
                "disableTcpStateTracking": false,
                "networkSecurityGroup": {
                    "id": "[resourceId('Microsoft.Network/networkSecurityGroups', parameters('networkSecurityGroups_centralvm_nsg_name'))]"
                },
                "nicType": "Standard"
            }
        },
        {
            "type": "Microsoft.Network/networkInterfaces",
            "apiVersion": "2022-05-01",
            "name": "[parameters('networkInterfaces_subneta_vm860_name')]",
            "location": "eastus",
            "dependsOn": [
                "[resourceId('Microsoft.Network/publicIPAddresses', parameters('publicIPAddresses_subnetA_vm_ip_name'))]",
                "[resourceId('Microsoft.Network/virtualNetworks/subnets', parameters('virtualNetworks_routing_grp_vnet_name'), 'subnetA')]",
                "[resourceId('Microsoft.Network/networkSecurityGroups', parameters('networkSecurityGroups_subnetA_vm_nsg_name'))]"
            ],
            "kind": "Regular",
            "properties": {
                "ipConfigurations": [
                    {
                        "name": "ipconfig1",
                        "id": "[concat(resourceId('Microsoft.Network/networkInterfaces', parameters('networkInterfaces_subneta_vm860_name')), '/ipConfigurations/ipconfig1')]",
                        "etag": "W/\"34d5d962-0f1e-4a39-b233-d733360f3cbc\"",
                        "type": "Microsoft.Network/networkInterfaces/ipConfigurations",
                        "properties": {
                            "provisioningState": "Succeeded",
                            "privateIPAddress": "10.1.1.4",
                            "privateIPAllocationMethod": "Dynamic",
                            "publicIPAddress": {
                                "name": "subnetA-vm-ip",
                                "id": "[resourceId('Microsoft.Network/publicIPAddresses', parameters('publicIPAddresses_subnetA_vm_ip_name'))]",
                                "properties": {
                                    "provisioningState": "Succeeded",
                                    "resourceGuid": "3055f2a5-7f1e-41e3-8707-6a2b98344c14",
                                    "publicIPAddressVersion": "IPv4",
                                    "publicIPAllocationMethod": "Dynamic",
                                    "idleTimeoutInMinutes": 4,
                                    "ipTags": [],
                                    "ipConfiguration": {
                                        "id": "[concat(resourceId('Microsoft.Network/networkInterfaces', parameters('networkInterfaces_subneta_vm860_name')), '/ipConfigurations/ipconfig1')]"
                                    },
                                    "deleteOption": "Detach"
                                },
                                "type": "Microsoft.Network/publicIPAddresses",
                                "sku": {
                                    "name": "Basic",
                                    "tier": "Regional"
                                }
                            },
                            "subnet": {
                                "id": "[resourceId('Microsoft.Network/virtualNetworks/subnets', parameters('virtualNetworks_routing_grp_vnet_name'), 'subnetA')]"
                            },
                            "primary": true,
                            "privateIPAddressVersion": "IPv4"
                        }
                    }
                ],
                "dnsSettings": {
                    "dnsServers": []
                },
                "enableAcceleratedNetworking": true,
                "enableIPForwarding": false,
                "disableTcpStateTracking": false,
                "networkSecurityGroup": {
                    "id": "[resourceId('Microsoft.Network/networkSecurityGroups', parameters('networkSecurityGroups_subnetA_vm_nsg_name'))]"
                },
                "nicType": "Standard"
            }
        },
        {
            "type": "Microsoft.Network/networkInterfaces",
            "apiVersion": "2022-05-01",
            "name": "[parameters('networkInterfaces_subnetbvm949_name')]",
            "location": "eastus",
            "dependsOn": [
                "[resourceId('Microsoft.Network/publicIPAddresses', parameters('publicIPAddresses_subnetBvm_ip_name'))]",
                "[resourceId('Microsoft.Network/virtualNetworks/subnets', parameters('virtualNetworks_routing_grp_vnet_name'), 'subnetB')]",
                "[resourceId('Microsoft.Network/networkSecurityGroups', parameters('networkSecurityGroups_subnetBvm_nsg_name'))]"
            ],
            "kind": "Regular",
            "properties": {
                "ipConfigurations": [
                    {
                        "name": "ipconfig1",
                        "id": "[concat(resourceId('Microsoft.Network/networkInterfaces', parameters('networkInterfaces_subnetbvm949_name')), '/ipConfigurations/ipconfig1')]",
                        "etag": "W/\"6c95ff3a-f5ef-40ce-b65f-7bd1aedf835a\"",
                        "type": "Microsoft.Network/networkInterfaces/ipConfigurations",
                        "properties": {
                            "provisioningState": "Succeeded",
                            "privateIPAddress": "10.1.2.4",
                            "privateIPAllocationMethod": "Dynamic",
                            "publicIPAddress": {
                                "name": "subnetBvm-ip",
                                "id": "[resourceId('Microsoft.Network/publicIPAddresses', parameters('publicIPAddresses_subnetBvm_ip_name'))]",
                                "properties": {
                                    "provisioningState": "Succeeded",
                                    "resourceGuid": "097b328f-9e8f-4931-adaa-07cf9caf12bd",
                                    "publicIPAddressVersion": "IPv4",
                                    "publicIPAllocationMethod": "Dynamic",
                                    "idleTimeoutInMinutes": 4,
                                    "ipTags": [],
                                    "ipConfiguration": {
                                        "id": "[concat(resourceId('Microsoft.Network/networkInterfaces', parameters('networkInterfaces_subnetbvm949_name')), '/ipConfigurations/ipconfig1')]"
                                    },
                                    "deleteOption": "Detach"
                                },
                                "type": "Microsoft.Network/publicIPAddresses",
                                "sku": {
                                    "name": "Basic",
                                    "tier": "Regional"
                                }
                            },
                            "subnet": {
                                "id": "[resourceId('Microsoft.Network/virtualNetworks/subnets', parameters('virtualNetworks_routing_grp_vnet_name'), 'subnetB')]"
                            },
                            "primary": true,
                            "privateIPAddressVersion": "IPv4"
                        }
                    }
                ],
                "dnsSettings": {
                    "dnsServers": []
                },
                "enableAcceleratedNetworking": true,
                "enableIPForwarding": false,
                "disableTcpStateTracking": false,
                "networkSecurityGroup": {
                    "id": "[resourceId('Microsoft.Network/networkSecurityGroups', parameters('networkSecurityGroups_subnetBvm_nsg_name'))]"
                },
                "nicType": "Standard"
            }
        },
        {
            "type": "Microsoft.Network/virtualNetworks",
            "apiVersion": "2022-05-01",
            "name": "[parameters('virtualNetworks_routing_grp_vnet_name')]",
            "location": "eastus",
            "dependsOn": [
                "[resourceId('Microsoft.Network/virtualNetworks/subnets', parameters('virtualNetworks_routing_grp_vnet_name'), 'default')]",
                "[resourceId('Microsoft.Network/virtualNetworks/subnets', parameters('virtualNetworks_routing_grp_vnet_name'), 'subnetA')]",
                "[resourceId('Microsoft.Network/routeTables', parameters('routeTables_customroutetable_name'))]",
                "[resourceId('Microsoft.Network/virtualNetworks/subnets', parameters('virtualNetworks_routing_grp_vnet_name'), 'subnetB')]"
            ],
            "properties": {
                "addressSpace": {
                    "addressPrefixes": [
                        "10.1.0.0/16"
                    ]
                },
                "subnets": [
                    {
                        "name": "default",
                        "id": "[resourceId('Microsoft.Network/virtualNetworks/subnets', parameters('virtualNetworks_routing_grp_vnet_name'), 'default')]",
                        "properties": {
                            "addressPrefix": "10.1.0.0/24",
                            "delegations": [],
                            "privateEndpointNetworkPolicies": "Disabled",
                            "privateLinkServiceNetworkPolicies": "Enabled"
                        },
                        "type": "Microsoft.Network/virtualNetworks/subnets"
                    },
                    {
                        "name": "subnetA",
                        "id": "[resourceId('Microsoft.Network/virtualNetworks/subnets', parameters('virtualNetworks_routing_grp_vnet_name'), 'subnetA')]",
                        "properties": {
                            "addressPrefix": "10.1.1.0/24",
                            "routeTable": {
                                "id": "[resourceId('Microsoft.Network/routeTables', parameters('routeTables_customroutetable_name'))]"
                            },
                            "serviceEndpoints": [],
                            "delegations": [],
                            "privateEndpointNetworkPolicies": "Disabled",
                            "privateLinkServiceNetworkPolicies": "Enabled"
                        },
                        "type": "Microsoft.Network/virtualNetworks/subnets"
                    },
                    {
                        "name": "subnetB",
                        "id": "[resourceId('Microsoft.Network/virtualNetworks/subnets', parameters('virtualNetworks_routing_grp_vnet_name'), 'subnetB')]",
                        "properties": {
                            "addressPrefix": "10.1.2.0/24",
                            "serviceEndpoints": [],
                            "delegations": [],
                            "privateEndpointNetworkPolicies": "Disabled",
                            "privateLinkServiceNetworkPolicies": "Enabled"
                        },
                        "type": "Microsoft.Network/virtualNetworks/subnets"
                    }
                ],
                "virtualNetworkPeerings": [],
                "enableDdosProtection": false
            }
        }
    ]
}